use japonais;

insert into type (id, type, type_jp)
values (1, 'Nom', 'Futsuumeishi'),
       (2, 'Verbe', ''),
       (3, 'Pronom', ''),
       (4, 'Adjectif', ''),
       (5, 'Adverbe', ''),
       (8, 'Préposition', ''),
       (9, 'Nombre', ''),
       (10, 'Interjection', 'Kandoushi'),
       (11, 'Conjonction', ''),
       (12, 'Expression', ''),
       (13, 'Particule', '');

insert into anglais (id, anglais)
values (1, 'I'),
       (2, 'Father'),
       (4, 'Breakfast'),
       (5, 'Red'),
       (6, 'Blue'),
       (7, 'Dangerous'),
       (8, 'Sweet'),
       (9, 'Morning'),
       (10, 'Night'),
       (11, 'Foot'),
       (12, 'New'),
       (13, 'Hot'),
       (14, 'Dinner'),
       (15, 'Bento'),
       (16, 'Beauty salon'),
       (17, 'Minute'),
       (18, 'Map'),
       (19, 'Just'),
       (20, 'Middle school'),
       (21, 'Middle school student'),
       (22, 'Kitchen'),
       (23, 'University'),
       (24, 'Student'),
       (25, 'Phone'),
       (27, 'Hamburger'),
       (28, 'Then'),
       (29, 'Smile'),
       (30, 'Emoji'),
       (31, 'Pen'),
       (32, 'Shower'),
       (33, 'Old'),
       (34, 'Winter'),
       (35, 'School'),
       (36, 'Bank'),
       (37, 'Rice'),
       (38, 'Afternoon'),
       (39, 'France'),
       (40, 'England'),
       (41, 'Japan'),
       (42, 'Friend'),
       (43, 'Buy'),
       (44, 'Study'),
       (45, 'Yesterday'),
       (46, 'Speak'),
       (47, 'He'),
       (48, 'She'),
       (49, 'Sunday'),
       (50, 'Side'),
       (51, 'Low'),
       (52, 'Right'),
       (53, 'Left'),
       (54, 'Cloth'),
       (55, 'Under'),
       (56, 'Up'),
       (57, 'High school'),
       (58, 'High school student'),
       (59, 'TV'),
       (60, 'Television'),
       (61, 'Next to'),
       (62, 'Small'),
       (63, 'Dog'),
       (64, 'Cat'),
       (65, 'House'),
       (66, 'Germany'),
       (67, 'Look'),
       (68, 'Heart'),
       (69, 'Black'),
       (70, 'Swim'),
       (71, 'Learn'),
       (72, 'Run'),
       (73, 'Film'),
       (74, 'Music'),
       (75, 'Bed'),
       (76, 'A lot'),
       (77, 'Play'),
       (78, 'Weekend'),
       (79, 'Read'),
       (80, 'Picture'),
       (81, 'Often'),
       (82, 'Sometimes'),
       (83, 'Camera'),
       (84, 'January'),
       (85, 'February'),
       (86, 'March'),
       (87, 'April'),
       (88, 'May'),
       (89, 'June'),
       (90, 'July'),
       (91, 'August'),
       (92, 'September'),
       (93, 'October'),
       (94, 'November'),
       (95, 'December'),
       (96, 'New year'),
       (97, 'Month'),
       (102, 'Raven'),
       (103, 'Love'),
       (104, 'Apple'),
       (105, 'Moon'),
       (106, 'Egg'),
       (107, 'Ice cream'),
       (108, 'Idea'),
       (109, 'Green'),
       (110, 'In front'),
       (111, 'Before'),
       (112, 'Behind'),
       (113, 'Son'),
       (114, 'Daughter'),
       (115, 'Family'),
       (116, 'Relative'),
       (117, 'Uncle'),
       (118, 'Aunt'),
       (119, 'Dad'),
       (120, 'Mom'),
       (121, 'Mother'),
       (122, 'Brother'),
       (123, 'Sister'),
       (124, 'Brothers and sisters'),
       (125, 'Cousin'),
       (126, 'Siblings'),
       (127, 'Taxi'),
       (128, 'Train'),
       (129, 'Car'),
       (130, 'Take'),
       (131, 'Get on'),
       (132, 'Ride'),
       (133, 'Iron'),
       (134, 'Bicycle'),
       (135, 'Metro'),
       (136, 'Use'),
       (137, 'Station'),
       (138, 'Bus'),
       (139, 'Airport'),
       (140, 'Airplane'),
       (141, 'Walk'),
       (142, 'Hotel'),
       (143, 'Far'),
       (144, 'Shopping'),
       (145, 'Busy'),
       (146, 'Snow'),
       (147, 'Fire'),
       (148, 'Dirty'),
       (149, 'Sisters'),
       (150, 'Yellow'),
       (151, 'Wear'),
       (152, 'Sweater'),
       (153, 'Coat'),
       (154, 'Orange'),
       (155, 'Skirt'),
       (156, 'Shoes'),
       (157, 'Pants'),
       (158, 'Trousers'),
       (159, 'Underwear'),
       (160, 'Clothes'),
       (161, 'Brown'),
       (162, 'Wash'),
       (163, 'Hat'),
       (164, 'Take off'),
       (165, 'Wish'),
       (166, 'Expensive'),
       (167, 'Long'),
       (168, 'Cheaper'),
       (169, 'Pool'),
       (170, 'Park'),
       (171, 'This week'),
       (172, 'Together'),
       (173, 'Summer'),
       (174, 'Autumn'),
       (175, 'Spring'),
       (176, 'Cinema'),
       (177, 'Bye'),
       (178, 'Next week'),
       (179, 'Next month'),
       (180, 'Piano'),
       (181, 'Last week'),
       (182, 'Last month'),
       (183, 'In two weeks'),
       (184, 'Teach'),
       (185, 'Guitar'),
       (186, 'Practice'),
       (187, 'Go to sleep'),
       (188, 'Get up'),
       (189, 'Eat'),
       (190, 'Drink'),
       (191, 'PC'),
       (192, 'Sport'),
       (193, 'Make'),
       (194, 'Newspaper'),
       (195, 'Number');

insert into confidentiality (id, confidentiality)
values (1, 'Public'),
       (2, 'Amis'),
       (3, 'Privé');

insert into exception (id, libelle)
values (1, 'Mairu'),
       (2, 'Mogiru'),
       (3, 'Iru'),
       (4, 'Bibiru'),
       (5, 'Shaberu'),
       (6, 'Teru'),
       (7, 'Shiru'),
       (9, 'Hashiru'),
       (10, 'Minagiru'),
       (11, 'Heru'),
       (12, 'Keru'),
       (13, 'Hairu'),
       (14, 'Kubiru'),
       (15, 'Fukeru'),
       (16, 'Meiru'),
       (17, 'Numeru'),
       (18, 'Irairasaseru'),
       (19, 'Kutsugaeru'),
       (20, 'Hiru'),
       (21, 'Seseru'),
       (22, 'Omoneru'),
       (23, 'Hirugaeru'),
       (24, 'Suberu'),
       (25, 'Nonoshiru'),
       (26, 'Saegiru'),
       (27, 'Hotobashiru'),
       (28, 'Ijiru'),
       (29, 'Kagiru'),
       (30, 'Neru'),
       (31, 'Mikubiru'),
       (32, 'Azakeru'),
       (33, 'Tochiru'),
       (34, 'Kaeru'),
       (35, 'Najiru'),
       (36, 'Yomigaeru'),
       (37, 'Takeru'),
       (38, 'Nigiru'),
       (39, 'Fuseru'),
       (40, 'Majiru'),
       (41, 'Shigeru'),
       (42, 'Guchiru'),
       (43, 'Haberu'),
       (44, 'Chigiru'),
       (45, 'Chiru'),
       (46, 'Hineru'),
       (47, 'Nejiru'),
       (48, 'Yojiru'),
       (49, 'Yokogiru');

insert into francais (id, francais, slug)
values (1, 'Je', 'je'),
       (2, 'Père', 'pere'),
       (4, 'Petit-déjeuner', 'petit-dejeuner'),
       (5, 'Rouge', 'rouge'),
       (7, 'Dangereux', 'dangereux'),
       (8, 'Doux', 'doux'),
       (9, 'Sucré', 'sucre'),
       (10, 'Matin', 'matin'),
       (11, 'Nuit', 'nuit'),
       (12, 'Pied', 'pied'),
       (13, 'Nouveau', 'nouveau'),
       (15, 'Chaud', 'chaud'),
       (16, 'Dîner', 'd-ner'),
       (17, 'Bento', 'bento'),
       (18, 'Salon de beauté', 'salon-de-beaute'),
       (19, 'Minute', 'minute'),
       (20, 'Carte', 'carte'),
       (21, 'Juste', 'juste'),
       (22, 'Exact', 'exact'),
       (23, 'Collège', 'college'),
       (24, 'Collégien', 'collegien'),
       (25, 'Cuisine', 'cuisine'),
       (26, 'Université', 'universite'),
       (27, 'Étudiant', 'etudiant'),
       (28, 'Téléphone', 'telephone'),
       (30, 'Hamburger', 'hamburger'),
       (31, 'Alors', 'alors'),
       (32, 'Sourire', 'sourire'),
       (33, 'Emoji', 'emoji'),
       (34, 'Pictogramme', 'pictogramme'),
       (35, 'Crayon', 'crayon'),
       (36, 'Torchon', 'torchon'),
       (37, 'Douche', 'douche'),
       (38, 'Vieux', 'vieux'),
       (39, 'Hiver', 'hiver'),
       (40, 'École', 'ecole'),
       (41, 'Banque', 'banque'),
       (42, 'Riz', 'riz'),
       (43, 'Après-midi', 'apres-midi'),
       (44, 'Matinée', 'matinee'),
       (45, 'France', 'france'),
       (46, 'Angleterre', 'angleterre'),
       (48, 'Japon', 'japon'),
       (49, 'Ami', 'ami'),
       (50, 'Acheter', 'acheter'),
       (51, 'Études', 'etudes'),
       (52, 'Hier', 'hier'),
       (53, 'Parler', 'parler'),
       (54, 'Il', 'il'),
       (55, 'Elle', 'elle'),
       (56, 'Dimanche', 'dimanche'),
       (57, 'Côté', 'cote'),
       (58, 'Bas', 'bas'),
       (59, 'Droite', 'droite'),
       (60, 'Gauche', 'gauche'),
       (61, 'Chiffon', 'chiffon'),
       (62, 'En-dessous', 'en-dessous'),
       (63, 'Sous', 'sous'),
       (64, 'Au dessus', 'au-dessus'),
       (65, 'Lycée', 'lycee'),
       (66, 'Lycéen', 'lyceen'),
       (67, 'Télévision', 'television'),
       (68, 'À côté de', 'a-cote-de'),
       (70, 'Bleu', 'bleu'),
       (71, 'Petit', 'petit'),
       (72, 'En haut', 'en-haut'),
       (74, 'Chien', 'chien'),
       (75, 'Chat', 'chat'),
       (76, 'Maison', 'maison'),
       (77, 'Allemagne', 'allemagne'),
       (78, 'Regarder', 'regarder'),
       (79, 'Vouer', 'vouer'),
       (80, 'Aimer', 'aimer'),
       (81, 'Hôpital', 'h-pital'),
       (82, 'Dédier', 'dedier'),
       (83, 'Coeur', 'coeur'),
       (85, 'Consacrer', 'consacrer'),
       (86, 'Arrêter', 'arr-ter'),
       (87, 'Cesser', 'cesser'),
       (88, 'Abandonner', 'abandonner'),
       (89, 'Noir', 'noir'),
       (90, 'Nager', 'nager'),
       (91, 'Apprendre', 'apprendre'),
       (92, 'Courir', 'courir'),
       (93, 'Rouler', 'rouler'),
       (94, 'Film', 'film'),
       (95, 'Voir', 'voir'),
       (96, 'Écrire', 'ecrire'),
       (97, 'Rédiger', 'rediger'),
       (98, 'Composer (un poème)', 'composer-un-poeme'),
       (99, 'Musique', 'musique'),
       (100, 'Grand', 'grand'),
       (101, 'Lit', 'lit'),
       (102, 'Beaucoup', 'beaucoup'),
       (103, 'Jouer', 'jouer'),
       (104, 'Week-end', 'week-end'),
       (105, 'Écouter', 'ecouter'),
       (106, 'Entendre', 'entendre'),
       (107, 'Lire', 'lire'),
       (108, 'Photo', 'photo'),
       (109, 'Photographier', 'photographier'),
       (110, 'Prendre (une photo)', 'prendre-une-photo'),
       (111, 'Souvent', 'souvent'),
       (112, 'Parfois', 'parfois'),
       (113, 'Caméra', 'camera'),
       (114, 'Aujourd\'hui', 'aujourdhui'),
       (115, 'Janvier', 'janvier'),
       (116, 'Février', 'fevrier'),
       (117, 'Mars', 'mars'),
       (118, 'Avril', 'avril'),
       (119, 'Mai', 'mai'),
       (120, 'Juin', 'juin'),
       (121, 'Juillet', 'juillet'),
       (122, 'Août', 'ao-t'),
       (123, 'Septembre', 'septembre'),
       (124, 'Octobre', 'octobre'),
       (125, 'Novembre', 'novembre'),
       (126, 'Décembre', 'decembre'),
       (127, 'Nouvel an', 'nouvel-an'),
       (128, 'Mois', 'mois'),
       (134, 'Corbeau', 'corbeau'),
       (135, 'Amour', 'amour'),
       (136, 'Fourmi', 'fourmi'),
       (137, 'Pomme', 'pomme'),
       (138, 'Dessous', 'dessous'),
       (139, 'Repas', 'repas'),
       (140, 'Lune', 'lune'),
       (141, 'Oeuf', 'oeuf'),
       (142, 'Sub-', 'sub'),
       (143, 'Sous-', 'sous'),
       (144, 'Ah !', 'ah'),
       (145, 'Oh !', 'oh'),
       (146, 'Hey !', 'hey'),
       (147, 'Comme d\'habitude', 'comme-dhabitude'),
       (148, 'Comme toujours', 'comme-toujours'),
       (149, 'Salutation', 'salutation'),
       (150, 'Saluer', 'saluer'),
       (151, 'Affection', 'affection'),
       (152, 'Signal', 'signal'),
       (153, 'Signe', 'signe'),
       (154, 'Crème glacée', 'creme-glacee'),
       (155, 'Glace', 'glace'),
       (156, 'Etre amoureux', 'etre-amoureux'),
       (157, 'Amabilité', 'amabilite'),
       (158, 'Entre', 'entre'),
       (159, 'Parmi', 'parmi'),
       (160, 'Pendant que', 'pendant-que'),
       (161, 'Lien', 'lien'),
       (162, 'Relation avec quelqu\'un', 'relation-avec-quelquun'),
       (163, 'Adversaire', 'adversaire'),
       (164, 'Opposant', 'opposant'),
       (165, 'Compagnon', 'compagnon'),
       (166, 'Idée', 'idee'),
       (167, 'Malheureusement', 'malheureusement'),
       (168, 'Intervalle', 'intervalle'),
       (169, 'Ambigu', 'ambigu'),
       (170, 'Peu précis', 'peu-precis'),
       (171, 'Vague', 'vague'),
       (172, 'Fer à repasser', 'fer-a-repasser'),
       (173, 'Rencontrer', 'rencontrer'),
       (174, 'Voir (une personne)', 'voir-une-personne'),
       (175, 'Convenir', 'convenir'),
       (176, 'Défi', 'defi'),
       (177, 'Vert', 'vert'),
       (179, 'Eventer', 'eventer'),
       (180, 'Battre', 'battre'),
       (181, 'Pâle', 'p-le'),
       (182, 'Blême', 'bl-me'),
       (183, 'Déficit', 'deficit'),
       (184, 'Perte (monétaire)', 'perte-monetaire'),
       (185, 'Moi', 'moi'),
       (186, 'Devant', 'devant'),
       (187, 'Avant', 'avant'),
       (188, 'Derrière', 'derriere'),
       (189, 'Après-demain', 'apres-demain'),
       (190, 'Livre', 'livre'),
       (191, 'Bibliothèque', 'bibliotheque'),
       (192, 'Chanson', 'chanson'),
       (193, 'Chant', 'chant'),
       (194, 'Chanter', 'chanter'),
       (195, 'Fils', 'fils'),
       (196, 'Fille', 'fille'),
       (197, 'Famille', 'famille'),
       (198, 'Les proches', 'les-proches'),
       (199, 'Entourage', 'entourage'),
       (200, 'Petits-enfants', 'petits-enfants'),
       (201, 'Oncle', 'oncle'),
       (202, 'Tante', 'tante'),
       (203, 'Papa', 'papa'),
       (204, 'Mère', 'mere'),
       (205, 'Maman', 'maman'),
       (206, 'Frère', 'frere'),
       (207, 'Soeur', 'soeur'),
       (208, 'Frères et soeurs', 'freres-et-soeurs'),
       (209, 'Cousin', 'cousin'),
       (210, 'Cousine', 'cousine'),
       (211, 'Fratrie', 'fratrie'),
       (212, 'Femme', 'femme'),
       (213, 'Mari', 'mari'),
       (214, 'Enfant', 'enfant'),
       (215, 'Chez-soi', 'chez-soi'),
       (216, 'Grand-mère', 'grand-mere'),
       (217, 'Grand-père', 'grand-pere'),
       (218, 'Bienvenue', 'bienvenue'),
       (219, 'Je suis rentré', 'je-suis-rentre'),
       (220, 'J\'y vais', 'jy-vais'),
       (221, 'Au revoir', 'au-revoir'),
       (222, 'À plus', 'a-plus'),
       (223, 'Fais attention', 'fais-attention'),
       (224, 'Faire attention', 'faire-attention'),
       (225, 'Petite soeur', 'petite-soeur'),
       (226, 'Grande soeur', 'grande-soeur'),
       (227, 'Taxi', 'taxi'),
       (228, 'Train électrique', 'train-electrique'),
       (229, 'Train', 'train'),
       (230, 'Voiture', 'voiture'),
       (231, 'Monter', 'monter'),
       (232, 'Prendre', 'prendre'),
       (233, 'Fer', 'fer'),
       (234, 'Vélo', 'velo'),
       (235, 'Bicyclette', 'bicyclette'),
       (236, 'Métro', 'metro'),
       (237, 'Utiliser', 'utiliser'),
       (238, 'Gare', 'gare'),
       (239, 'Bus', 'bus'),
       (240, 'Aéroport', 'aeroport'),
       (241, 'Avion', 'avion'),
       (242, 'Marcher', 'marcher'),
       (243, 'Hôtel', 'hotel'),
       (244, 'Aller', 'aller'),
       (245, 'Rapide', 'rapide'),
       (246, 'Tôt', 'tot'),
       (247, 'Lent', 'lent'),
       (248, 'Proche', 'proche'),
       (249, 'Loin', 'loin'),
       (250, 'Travail', 'travail'),
       (251, 'Travailler', 'travailler'),
       (252, 'Quand', 'quand'),
       (253, 'Temps', 'temps'),
       (254, 'Heure', 'heure'),
       (255, 'Travail temporaire', 'travail-temporaire'),
       (256, 'Chaise', 'chaise'),
       (257, 'Chaque jours', 'chaque-jours'),
       (258, 'Tous les jours', 'tous-les-jours'),
       (259, 'Jour', 'jour'),
       (260, 'Blanc', 'blanc'),
       (261, 'Chemise', 'chemise'),
       (262, 'Manteau', 'manteau'),
       (263, 'Courses', 'courses'),
       (264, 'Shopping', 'shopping'),
       (265, 'Cette semaine', 'cette-semaine'),
       (266, 'Rose', 'rose'),
       (267, 'Occupé', 'occupe'),
       (268, 'Demain', 'demain'),
       (269, 'Avant-hier', 'avant-hier'),
       (270, 'Lundi', 'lundi'),
       (271, 'Mardi', 'mardi'),
       (272, 'Mercredi', 'mercredi'),
       (273, 'Jeudi', 'jeudi'),
       (274, 'Vendredi', 'vendredi'),
       (275, 'Samedi', 'samedi'),
       (276, 'Bonjour', 'bonjour'),
       (277, 'Bonsoir', 'bonsoir'),
       (278, 'Bonne nuit', 'bonne-nuit'),
       (279, 'Tous les matins', 'tous-les-matins'),
       (280, 'Jours de la semaine', 'jours-de-la-semaine'),
       (281, 'Jusqu\'à', 'jusqua'),
       (282, 'Un peu', 'un-peu'),
       (283, 'Un moment', 'un-moment'),
       (284, 'Mirroir', 'mirroir'),
       (285, 'Notre', 'notre'),
       (286, 'Réfrigérateur', 'refrigerateur'),
       (287, 'Neige', 'neige'),
       (288, 'Pluie', 'pluie'),
       (289, 'Feu de signalisation', 'feu-de-signalisation'),
       (290, 'Feu', 'feu'),
       (291, 'Lecture', 'lecture'),
       (292, 'Souvenir', 'souvenir'),
       (293, 'Taiwan', 'taiwan'),
       (294, 'Corée du sud', 'coree-du-sud'),
       (295, 'Peu', 'peu'),
       (296, 'Pas beaucoup', 'pas-beaucoup'),
       (297, 'Rarement', 'rarement'),
       (298, 'Sale', 'sale'),
       (299, 'Soeurs', 'soeurs'),
       (300, 'Parents', 'parents'),
       (301, 'Jaune', 'jaune'),
       (302, 'Mettre', 'mettre'),
       (303, 'Porter', 'porter'),
       (304, 'Sweat', 'sweat'),
       (305, 'Orange', 'orange'),
       (306, 'Jupe', 'jupe'),
       (307, 'Chaussures', 'chaussures'),
       (308, 'Pantalon', 'pantalon'),
       (309, 'Sous-vêtements', 'sous-v-tements'),
       (310, 'Culotte', 'culotte'),
       (311, 'Lingerie', 'lingerie'),
       (312, 'Caleçon', 'calecon'),
       (313, 'Slip', 'slip'),
       (314, 'Vêtement', 'v-tement'),
       (315, 'Marron', 'marron'),
       (316, 'Laver', 'laver'),
       (317, 'Chapeau', 'chapeau'),
       (318, 'Ôter', 'oter'),
       (319, 'Enlever', 'enlever'),
       (320, 'Vouloir', 'vouloir'),
       (321, 'Cher', 'cher'),
       (322, 'Long', 'long'),
       (323, 'Bon marché', 'bon-marche'),
       (324, 'Peu cher', 'peu-cher'),
       (325, 'Piscine', 'piscine'),
       (326, 'Parc', 'parc'),
       (327, 'Ensemble', 'ensemble'),
       (328, 'Été', 'ete'),
       (329, 'Automne', 'automne'),
       (330, 'Printemps', 'printemps'),
       (331, 'Cinéma', 'cinema'),
       (332, 'Bye', 'bye'),
       (333, 'À tout à l\'heure', 'a-tout-a-lheure'),
       (334, 'Semaine prochaine', 'semaine-prochaine'),
       (335, 'Mois prochain', 'mois-prochain'),
       (336, 'Piano', 'piano'),
       (337, 'Semaine dernière', 'semaine-derniere'),
       (338, 'Mois dernier', 'mois-dernier'),
       (339, 'Dans deux semaines', 'dans-deux-semaines'),
       (340, 'Enseigner', 'enseigner'),
       (341, 'Guitare', 'guitare'),
       (342, 'S\'entraîner', 'sentra-ner'),
       (343, 'Se coucher', 'se-coucher'),
       (344, 'Se lever', 'se-lever'),
       (345, 'Manger', 'manger'),
       (346, 'Boire', 'boire'),
       (347, 'Ordinateur', 'ordinateur'),
       (348, 'PC', 'pc'),
       (349, 'Sport', 'sport'),
       (350, 'Confectionner', 'confectionner'),
       (351, 'Plat', 'plat'),
       (352, 'Journal', 'journal'),
       (353, 'Numéro', 'numero');

insert into groupe (id, libelle, id_parent, quantifieur, slug)
values (1, 'Famille', null, '', 'famille'),
       (2, 'Habitation', null, '', 'habitation'),
       (3, 'Couleur', null, '', 'couleur'),
       (4, 'Repas', null, '', 'repas'),
       (5, 'Temps', null, '', 'temps'),
       (6, 'Corps', null, '', 'corps'),
       (7, 'École', null, '', 'ecole'),
       (8, 'Pays', null, '', 'pays'),
       (20, 'Date', 5, '', 'date'),
       (9, 'Position', null, '', 'position'),
       (10, 'Mois', 20, 'Gatsu, Getsu', 'mois'),
       (11, 'Nourriture', null, '', 'nourriture'),
       (12, 'Ingrédient', 11, '', 'ingredient'),
       (13, 'Formule de politesse', null, '', 'formule-de-politesse'),
       (14, 'Moyen de locomotion', null, '', 'moyen-de-locomotion'),
       (15, 'Matériaux', null, '', 'materiaux'),
       (16, 'Lieu', null, '', 'lieu'),
       (17, 'Meuble', 2, '', 'meuble'),
       (18, 'Vêtement', null, '', 'v-tement'),
       (19, 'Semaine', 20, '', 'semaine'),
       (21, 'Jours', 20, 'Youbi, Nichi', 'jours'),
       (22, 'Météo', null, '', 'meteo'),
       (23, 'Saison', 5, '', 'saison'),
       (24, 'Musique', null, '', 'musique');

insert into jlpt(id, color)
values (0, ''),
       (1, 'rouge'),
       (2, 'orange'),
       (3, 'jaune'),
       (4, 'vert'),
       (5, 'bleu');

insert into japonais (id, kanji, kana, romaji, description, id_type, jlpt)
values (1, '私', 'わたし', 'Watashi', '', 3, null),
       (2, 'お父さん', 'おとうさん', 'Otousan', '', 1, null),
       (4, '朝ご飯', 'あさごはん', 'Asagohan', '', 1, null),
       (5, '赤い', 'あかい', 'Akai', '', 4, null),
       (6, '青い', 'あおい', 'Aoi', '', 4, 5),
       (7, '危ない', 'あぶない', 'Abunai', '', 4, 5),
       (8, '甘い', 'あまい', 'Amai', '', 4, null),
       (9, '朝', 'あさ', 'Asa', '', 1, null),
       (10, '晩', 'ばん', 'Ban', '', 1, null),
       (11, '足', 'あし', 'Ashi', '', 1, null),
       (12, '新しい', 'あたらしい', 'Atarashii', '', 1, null),
       (13, '熱い', 'あつい', 'Atsui', '', 4, null),
       (14, '晩ご飯', 'ばんごはん', 'Bangohan', '', 1, null),
       (15, '弁当', 'べんとう', 'Bentou', '', 1, null),
       (16, '美容院', 'びよういん', 'Biyouin', '', 1, null),
       (17, '分', 'ぶん', 'Bun', '', 1, null),
       (18, '地図', 'ちず', 'Chizu', '', 1, null),
       (19, 'ちょうど', 'ちょうど', 'Choudo', '', 4, null),
       (20, '中学校', 'ちゅうがっこう', 'Chuugakkou', '', 1, null),
       (21, '中学校性', 'ちゅうがっこうせい', 'Chuugakkousei', '', 1, null),
       (22, '台所', 'だいどころ', 'Daidokoro', '', 1, null),
       (23, '大学', 'だいがく', 'Daigaku', '', 1, null),
       (24, '大学生', 'だいがくせい', 'Daigakusei', 'Utilisé pour les étudiants à l\'université ou post-bac', 1, 5),
       (25, '電話', 'でんわ', 'Denwa', '', 1, null),
       (26, 'ハンバーガー', 'ハンバーガー', 'Hanbaagaa', '', 1, null),
       (27, 'では', 'では', 'Dewa', '', 5, null),
       (28, '笑顔', 'えがお', 'Egao', '', 1, null),
       (29, '絵文字', 'えもじ', 'Emoji', '', 1, null),
       (30, '鉛筆', 'えんぴつ', 'Enpitsu', '', 1, null),
       (31, 'ふきん', 'ふきん', 'Fukin', '', 1, null),
       (32, '風呂', 'ふろ', 'Furo', '', 1, null),
       (33, '古い', 'ふるい', 'Furui', '', 4, null),
       (34, '冬', 'ふゆ', 'Fuyu', '', 1, 5),
       (35, '学校', 'がっこう', 'Gakkou', '', 1, null),
       (36, '学生', 'がくせい', 'Gakusei', '', 1, null),
       (37, '銀行', 'ぎんこう', 'Ginkou', '', 1, null),
       (38, 'ご飯', 'ごはん', 'Gohan', '', 1, null),
       (39, '午後', 'ごご', 'Gogo', '', 1, null),
       (40, '午前', 'ごぜん', 'Gozen', '', 1, null),
       (41, 'フランス', 'フランス', 'Furansu', '', 1, null),
       (42, 'イギリス', 'イギリス', 'Igirisu', '', 1, null),
       (45, '日本', 'にほん', 'Nihon', '', 1, null),
       (46, '僕', 'ぼく', 'Boku', '', 3, null),
       (47, '夜', 'よる', 'Yoru', '', 1, null),
       (48, '友達', 'ともだち', 'Tomodachi', '', 1, null),
       (49, '買う', 'かう', 'Kau', '', 2, null),
       (50, '勉強', 'べんきょう', 'Benkyou', '', 1, null),
       (51, '昨日', 'きのう', 'Kinou', '', 5, null),
       (52, '話す', 'はなす', 'Hanasu', '', 2, null),
       (53, '彼', 'かれ', 'Kare', '', 3, null),
       (54, '彼女', 'かのじょ', 'Kanojo', '', 3, null),
       (55, '日曜日', 'にちようび', 'Nichiyoubi', '', 1, null),
       (56, '横', 'よこ', 'Yoko', '', 1, null),
       (57, '低い', 'ひくい', 'Hikui', '', 4, null),
       (58, '右', 'みぎ', 'Migi', '', 1, null),
       (59, '左', 'ひだり', 'Hidari', '', 1, null),
       (60, '下', 'した', 'Shita', '', 5, null),
       (61, '上', 'うえ', 'Ue', '', 8, null),
       (62, '高校', 'こうこう', 'Koukou', '', 1, null),
       (63, '高校生', 'こうこうせい', 'Koukousei', '', 1, null),
       (64, 'テレビ', 'テレビ', 'Terebi', '', 1, null),
       (65, '隣', 'となり', 'Tonari', '', 8, null),
       (66, '赤', 'あか', 'Aka', '', 1, null),
       (67, '青', 'あお', 'Ao',
        'Signifie majoritairement bleu cependant il arrive que ce ne soit pas le cas comme : 青りんご qui signifie pomme verte.',
        1, 5),
       (68, '小さい', 'ちいさい', 'Chiisai', '', 4, null),
       (69, '犬', 'いぬ', 'Inu', '', 1, null),
       (70, '猫', 'ねこ', 'Neko', '', 1, null),
       (71, '家', 'いえ', 'Ie', '', 1, null),
       (72, 'ドイツ', 'ドイツ', 'Doitsu', '', 1, null),
       (73, '見る', 'みる', 'Miru', '', 2, null),
       (74, '捧げる', 'ささげる', 'Sasageru',
        'Le kanji &quot;捧&quot; n\'est pas contenu dans les jōyō kanji (kanji à usage commun) ainsi il n\'y a pas de fiche de kanji',
        2, null),
       (75, '愛する', 'あいする', 'Ai suru', '', 2, 3),
       (76, '病院', 'びょういん', 'Byouin', '', 1, null),
       (77, '心臓', 'しんぞう', 'Shinzou', '', 1, null),
       (78, '止める', 'やめる', 'Yameru', '', 2, null),
       (79, '黒色', 'くろいろ', 'Kuro iro', '', 1, 5),
       (80, '黒い', 'くろい', 'Kuroi', '', 4, 5),
       (81, '泳ぐ', 'およぐ', 'Oyogu', '', 2, null),
       (82, '習う', 'ならう', 'Narau', '', 2, null),
       (83, '走る', 'はしる', 'Hashiru', '', 2, null),
       (84, '映画', 'えいが', 'Eiga', '', 1, null),
       (86, '書く', 'かく', 'Kaku', '', 2, null),
       (87, '音楽', 'おんがく', 'Ongaku', '', 1, null),
       (88, '大きい', 'おおきい', 'Ookii', '', 4, null),
       (89, 'ベッド', 'ベッド', 'Beddo', '', 1, null),
       (90, 'たくさん', 'たくさん', 'Takusan', '', 5, 3),
       (91, '遊ぶ', 'あそぶ', 'Asobu', '', 2, null),
       (92, '週末', 'しゅうまつ', 'Shuumatsu', '', 1, null),
       (93, '聞く', 'きく', 'Kiku', '', 2, null),
       (94, '読む', 'よむ', 'Yomu', '', 2, null),
       (95, '今日', 'きょう', 'Kyou', '', 5, null),
       (96, '写真', 'しゃしん', 'Shashin', '', 1, null),
       (97, '撮る', 'とる', 'Toru', '', 2, null),
       (98, 'よく', 'よく', 'Yoku', '', 5, null),
       (99, '時々', 'ときどき', 'Tokidoki', '', 5, null),
       (100, 'カメラ', 'カメラ', 'Kamera', '', 1, null),
       (101, '一月', 'いちがつ', 'Ichigatsu', '', 1, null),
       (102, '二月', 'にがつ', 'Nigatsu', '', 1, null),
       (103, '三月', 'さんがつ', 'Sangatsu', '', 1, null),
       (104, '四月', 'しがつ', 'Shigatsu', 'Attention à ne pas utiliser Yon à la place de Shi', 1, null),
       (105, '五月', 'ごがつ', 'Gogatsu', '', 1, null),
       (106, '六月', 'ろくがつ', 'Rokugatsu', '', 1, null),
       (107, '七月', 'しちがつ', 'Shichigatsu', 'Attention ne pas utiliser Nana mais Shichi', 1, null),
       (108, '八月', 'はちがつ', 'Hachigatsu', '', 1, null),
       (109, '九月', 'くがつ', 'Kugatsu', '', 1, null),
       (110, '十月', 'じゅうがつ', 'Juugatsu', '', 1, null),
       (111, '十一月', 'じゅういちがつ', 'Juuichigatsu', '', 1, null),
       (112, '十二月', 'じゅうにがつ', 'Juunigatsu', '', 1, null),
       (113, '正月', 'しょうがつ', 'Shougatsu', '', 1, null),
       (114, 'か月', 'かげつ', 'Kagetsu', '', 1, null),
       (120, 'カラス', 'カラス', 'Karasu',
        'カラス s\'écrit le plus souvent en katakana cependant ce n\'est pas un mot d\'origine étrangère. \r\nLe kanji associé est 烏 mais est peu usité. Il ressemble au kanji 鳥 qui lui signifie oiseau.',
        1, null),
       (121, '愛', 'あい', 'Ai', '', 1, 3),
       (122, '蟻', 'あり', 'Ari', '', 1, null),
       (123, '林檎', 'りんご', 'Ringo', 'Le mot pomme est majoritairement utilisé en kanas plutôt qu\'en kanji.', 1, null),
       (124, '月', 'つき', 'Tsuki', '', 1, null),
       (125, '卵', 'たまご', 'Tamago', '', 1, null),
       (126, '亜', 'あ', 'A', '', 8, 1),
       (127, '嗚呼', 'ああ', 'Aa', '', 10, 5),
       (128, '相変わらず', 'あいかわらず', 'Aikawarazu', '', 11, 2),
       (129, '挨拶', 'あいさつ', 'Aisatsu', '', 1, 4),
       (130, '挨拶する', 'あいさつする', 'Aisatsu suru', '', 2, 5),
       (131, '愛情', 'あいじょう', 'Aijou', '', 1, 3),
       (132, '合図', 'あいず', 'Aizu', '', 1, 3),
       (133, 'アイスクリーム', 'アイスクリーム', 'Aisukuriimu', '', 1, 3),
       (134, '愛想', 'あいそう', 'Aisou', '', 1, 1),
       (135, '間', 'あいだ', 'Aida', '', 8, 4),
       (136, '間柄', 'あいだがら', 'Aidagara', '', 1, 1),
       (137, '相手', 'あいて', 'Aite', '', 1, 3),
       (138, 'アイデア', 'アイデア', 'Aidea', '', 1, 2),
       (139, 'アイディア', 'アイディア', 'Aidia', '', 1, 2),
       (140, '生憎', 'あいにく', 'Ainiku', '', 5, 3),
       (142, '合間', 'あいま', 'Aima', '', 1, 1),
       (143, '曖昧', 'あいまい', 'Aimai', '', 4, 2),
       (144, 'アイロン', 'アイロン', 'Airon', '', 1, 3),
       (145, '会う', 'あう', 'Au', '', 2, 5),
       (147, '敢えて', 'あえて', 'Aete', '', 1, 1),
       (148, '扇ぐ', 'あおぐ', 'Aogu', '', 2, 2),
       (149, '青白い', 'あおじろい', 'Aojiroi', '', 4, 2),
       (150, '赤字', 'あかじ', 'Akaji', '', 1, 1),
       (151, '俺', 'おれ', 'Ore', '', 3, null),
       (152, '前', 'まえ', 'Mae', '', 5, 5),
       (153, '後ろ', 'うしろ', 'Ushiro', '', 5, 5),
       (154, '明後日', 'あさって', 'Asatte', '', 1, 4),
       (155, '本', '本ん', 'Hon', '', 1, 5),
       (156, '本棚', 'ほんだな', 'Hondana', '', 1, 5),
       (157, '歌', 'うた', 'Uta', '', 1, 5),
       (158, '音楽', 'おんがく', 'Ongaku', '', 1, 5),
       (159, '歌う', 'うたう', 'Utau', '', 2, 5),
       (160, '息子', 'むすこ', 'Musuko', '', 1, 4),
       (161, '娘', 'むすめ', 'Musume', '', 1, 4),
       (162, '家族', 'かぞく', 'Kazoku', '', 1, 5),
       (163, '親戚', 'しんせき', 'Shinseki', '', 1, 3),
       (164, '孫', 'まご', 'Mago',
        'On utilise également &quot;お孫さん&quot; afin de parler des petits-enfants de quelqu\'un.', 1, 5),
       (165, '伯父', 'おじ', 'Oji',
        'D\'autres kanji peuvent être utilisés selon le lien de parenté. Il est courant de voir le mot en kana plutôt qu\'en kanji.',
        1, 4),
       (166, '伯母', 'おば', 'Oba',
        'D\'autres kanji peuvent être utilisés selon le lien de parenté. Il est courant de voir le mot en kana plutôt qu\'en kanji.',
        1, 4),
       (167, '父', 'ちち', 'Chichi', 'Pour parler du sien.', 1, 5),
       (168, 'お母さん', 'おかあさん', 'Okaasan', '', 1, 5),
       (169, '母', 'はは', 'Haha', '', 1, 5),
       (170, '兄', 'あに', 'Ani', 'Frère ainé.', 1, 5),
       (171, '弟', 'おとうと', 'Otouto', 'Frère cadet.', 1, 5),
       (172, '姉', 'あね', 'Ane', 'Soeur ainée.', 1, 5),
       (173, '妹', 'いもうと', 'Imouto', 'Soeur cadette.', 1, 5),
       (174, '兄弟', 'きょうだい', 'Kyoudai', 'Signifie &quot;frères et soeurs&quot;.', 1, 5),
       (175, '従兄弟', 'いとこ', 'Itoko',
        'D\'autres kanji peuvent être utilisés selon le lien de parenté. Il est courant de voir le mot en kana plutôt qu\'en kanji.',
        1, 4),
       (176, '妻', 'つま', 'Tsuma', 'Principalement pour parler de sa femme à une personne tierce.', 1, 4),
       (177, '夫', 'おっと', 'Otto', 'Pour parler de son mari.', 1, 4),
       (178, 'ご主人', 'ごしゅじｎ', 'Goshujin', 'Pour parler du mari d\'une autre personne.', 1, 5),
       (179, 'お子さん', 'おこさん', 'Okosan',
        'Pour parler de l\'enfant de quelqu\'un d\'autre. Ajouter -tachi à la fin pour parler des enfants.', 1, 3),
       (180, '子供', 'こども', 'Kodomo', '', 1, 5),
       (181, '奥さん', 'おくさん', 'Okusan', 'Pour parler de la femme d\'une autre personne.', 1, 5),
       (182, '在宅', 'ざいたく', 'Zaitaku', '', 1, null),
       (183, '祖母', 'そぼ', 'Sobo', '', 1, 5),
       (184, '祖父', 'そふ', 'Sofu', '', 1, 5),
       (185, 'おばあさん', 'おばあさん', 'Obaasan', '', 1, 5),
       (186, 'おじいさん', 'おじいさん', 'Ojiisan', '', 1, 5),
       (187, 'お帰り(なさい)', 'おかえり(なさい)', 'Okaeri(nasai)',
        'Pour accueillir quelqu\'un de la famille qui rentre à la maison. S\'écrit majoritairement en kana.', 10, 5),
       (188, 'ただいま', 'ただいま', 'Tadaima', '', 12, 3),
       (189, '行ってきます', 'いってきます', 'Ittekimasu', '', 12, null),
       (190, '行ってらっしゃい', 'いってらっしゃい', 'Itterasshai', '', 12, null),
       (191, '気を付けて', 'きをつけて', 'Ki o tsukete', '', 12, null),
       (192, '気を付ける', 'きをつける', 'Ki o tsukeru', '', 2, 5),
       (193, 'タクシー', 'タクシー', 'Takushii', '', 1, 5),
       (194, '電車', 'でんしゃ', 'Densha', '', 1, 5),
       (195, '列車', 'れっしゃ', 'Ressha', 'Il est plus commun de dire Densha (Train électrique) au Japon.', 1, 3),
       (196, '車', 'くるま', 'Kuruma', '', 1, 5),
       (197, '乗る', 'のる', 'Noru', 'Monter dans un véhicule.', 2, 5),
       (198, '鉄', 'てつ', 'Tetsu', '', 1, 3),
       (199, '自転車', 'じてんしゃ', 'Jitensha', '', 1, 5),
       (200, '地下鉄', 'ちかてつ', 'Chikatetsu', '', 1, 5),
       (201, '使う', 'つかう', 'Tsukau', '', 2, 5),
       (202, '駅', 'えき', 'Eki', '', 1, 5),
       (203, 'バス', 'バス', 'Basu', '', 1, 5),
       (204, '空港', 'くうこう', 'Kuukou', '', 1, 5),
       (205, '飛行機', 'ひこうき', 'Hikouki', '', 1, 5),
       (206, '歩く', 'あるく', 'Aruku', '', 2, 5),
       (207, 'ホテル', 'ホテル', 'Hoteru', '', 1, 5),
       (208, '行く', 'いく', 'Iku', '', 2, 5),
       (209, '速い', 'はやい', 'Hayai', '', 4, 5),
       (210, '早い', 'はやい', 'Hayai', '', 4, null),
       (211, '遅い', 'おそい', 'Osoi', '', 4, 5),
       (212, '近い', 'ちかい', 'Chikai', '', 4, 5),
       (213, '遠い', 'とおい', 'Tooi', '', 4, 5),
       (214, '仕事', 'しごと', 'Shigoto', '', 1, 5),
       (215, '働く', 'はたらく', 'Hataraku', '', 2, 5),
       (216, 'いつ', 'いつ', 'Itsu', '', 11, 5),
       (217, '時間', 'じかん', 'Jikan', 'Signifie Heure si un nombre est placé devant.', 1, 5),
       (218, '時', 'とき', 'Toki', 'Le temps qu\'il fait dehors.', 1, 5),
       (219, 'アルバイト', 'アルバイト', 'Arubaito', '', 1, 4),
       (220, '椅子', 'いす', 'Isu', '', 1, 5),
       (221, '毎日', 'まいにち', 'Mainichi', '', 1, 5),
       (222, '日', 'にち', 'Nichi', '', 1, 5),
       (223, '白', 'しろ', 'Shiro', '', 1, 5),
       (224, '白い', 'しろい', 'Shiroi', '', 4, 5),
       (225, 'シャツ', 'シャツ', 'Shatsu', '', 1, 5),
       (226, 'コート', 'コート', 'Kooto', '', 1, 5),
       (227, '買い物', 'かいもの', 'Kaimono', '', 1, 5),
       (228, '今週', 'こんしゅう', 'Konshuu', '', 1, 5),
       (229, 'ピンク色', 'ピンクいろ', 'Pinku iro', '', 1, 4),
       (230, 'ピンク', 'ピンク', 'Pinku', '', 4, null),
       (231, '忙しい', 'いそがしい', 'Isogashii', '', 4, 5),
       (232, '明日', 'あした', 'Ashita', '', 1, 5),
       (233, '明後日', 'あさって', 'Asatte', '', 1, 4),
       (234, '一昨日', 'おととい', 'Ototoi', '', 1, 5),
       (235, '月曜日', 'げつようび', 'Getsuyoubi', '', 1, 5),
       (236, '火曜日', 'かようび', 'Kayoubi', '', 1, 5),
       (237, '水曜日', 'すいようび', 'Suiyoubi', '', 1, 5),
       (238, '木曜日', 'もくようび', 'Mokuyoubi', '', 1, 5),
       (239, '木曜日', 'もくようび', 'Mokuyoubi', '', 1, 5),
       (240, '金曜日', 'きにょうび', 'Kinyoubi', '', 1, 5),
       (241, '土曜日', 'どようび', 'Doyoubi', '', 1, 5),
       (242, '日曜日', 'にちようび', 'Nichiyoubi', '', 1, 5),
       (243, 'こんにちわ', 'こんにちわ', 'Konnichiwa', '', 10, 5),
       (244, 'お早うございます', 'おはようございます', 'Ohayou gozaimasu',
        'Ne s\'emploie que le matin, et s\'utilise majoritairement avec la forme en kana.', 10, 5),
       (248, 'お早う', 'おはよう', 'Ohayou',
        'Ne s\'emploie que le matin, et s\'utilise majoritairement avec la forme en kana. C\'est la forme plus familière de ohayou gozaimasu.',
        10, 5),
       (250, '今晩わ', 'こんばんわ', 'Konbanwa', 'La forme en kana est plus commune.', 10, 5),
       (251, 'お休みなさい', 'おやすみなさい', 'Oyasuminasai', '', 12, 3),
       (252, 'お休み', 'おやすみ', 'Oyasumi', '', 12, 3),
       (253, '毎日', 'まいにち', 'Mainichi', '', 1, 5),
       (254, '毎日', 'まいにち', 'Mainichi', '', 1, 5),
       (255, '毎朝', 'まいあさ', 'Maiasa', '', 1, 5),
       (256, '平日', 'へいじつ', 'Heijitsu', '', 12, null),
       (257, 'まで', 'まで', 'Made', '', 13, 5),
       (258, 'ちょっと', 'ちょっと', 'Chotto', '', 5, 5),
       (259, '鏡', 'かがみ', 'Kagami', '', 1, 4),
       (260, '内の', 'うちの', 'Uchi no', 'Plus commun en kana.', 3, null),
       (261, '冷蔵庫', 'れいぞうこ', 'Reizouko', '', 1, 5),
       (262, '雪', 'ゆき', 'Yuki', '', 1, 5),
       (263, '雨', 'あめ', 'Ame', '', 1, 5),
       (264, 'とき', 'とき', 'Toki',
        'Sert à montre que quand il y a un certain évènement, vous faites quelque chose (quand x1 alors x2). S\'écrit [x1 toki x2].',
        11, 0),
       (265, '信号', 'しんごう', 'Shingou', '', 1, 4),
       (266, '火', 'ひ', 'Hi', '', 1, 5),
       (267, '読書', 'どくしょ', 'Dokusho', '', 1, 0),
       (268, '土産', 'みやげ', 'Miyage', 'Cadeau souvenir', 1, 4),
       (269, '台湾', 'たいわん', 'Taiwan', '', 1, 1),
       (270, '韓国', 'かんこく', 'Kankoku', '', 1, 4),
       (271, 'あまり', 'あまり', 'Amari', '', 5, 0),
       (272, '汚い', 'きたない', 'Kitanai', '', 4, 5),
       (273, '姉妹', 'しまい', 'Shimai', '', 1, 0),
       (274, '両親', 'りょうしん', 'Ryoushin', '', 1, 4),
       (275, '黄色い', 'きいろい', 'Kiiroi', '', 4, 5),
       (276, '黄色い', 'きいろい', 'Kiiroi', '', 4, 5),
       (277, '黄色い', 'きいろい', 'Kiiroi', '', 4, 5),
       (278, '黄色い', 'きいろい', 'Kiiroi', '', 4, 5),
       (279, '黄色い', 'きいろい', 'Kiiroi', '', 4, 5),
       (280, '黄色い', 'きいろい', 'Kiiroi', '', 4, 5),
       (281, '着る', 'きる', 'Kiru', 'Des vêtements.', 2, 5),
       (282, 'セーター', 'セーター', 'Seetaa', '', 1, 0),
       (283, 'オレンジ色', 'オレンジいろ', 'Orenjiiro', '', 1, 4),
       (284, 'オレンジ', 'オレンジ', 'Orenji', '', 4, 4),
       (285, 'スカート', 'スカート', 'Sukaato', '', 1, 5),
       (286, '靴', 'くつ', 'Kutsu', '', 1, 5),
       (287, '履く', 'はく', 'Haku', 'Au niveau des jambes (chaussures, pantalon...).', 2, 5),
       (288, 'ズボン', 'ズボン', 'Zubon', '', 1, 0),
       (289, 'パンツ', 'パンツ', 'Pantsu', '', 1, 0),
       (290, '服', 'ふく', 'Fuku', '', 1, 4),
       (291, '黒', 'くろ', 'Kuro', '', 1, 5),
       (292, '黒い', 'くろい', 'Kuroi', '', 4, 5),
       (293, '茶色', 'ちゃいろ', 'Chairo', '', 4, 0),
       (294, '洗う', 'あらう', 'Arau', '', 2, 5),
       (295, '帽子', 'ぼうし', 'Boushi', '', 1, 5),
       (296, 'かぶる', 'かぶる', 'Kaburu', 'Au niveau de la tête (chapeau, casquette...).', 2, 5),
       (297, '脱ぐ', 'ぬぐ', 'Nugu', '', 2, 5),
       (298, '欲しい', 'ほしい', 'Hoshii', 'S\'utilise pour vouloir &quot;quelque chose&quot;.', 4, 5),
       (299, '高い', 'たかい', 'Takai', '', 4, 0),
       (300, '長い', 'ながい', 'Nagai', '', 4, 5),
       (301, '安い', 'やすい', 'Yasui', '', 4, 5),
       (302, 'プール', 'プール', 'Puuru', '', 1, 5),
       (303, '公園', 'こうえん', 'Kouen', '', 1, 5),
       (304, '一緒', 'いっしょ', 'Issho', '', 5, 5),
       (305, '夏', 'なつ', 'Natsu', '', 1, 5),
       (306, '秋', 'あか', 'Aki', '', 1, 5),
       (307, '春', 'はる', 'Haru', '', 1, 5),
       (308, '映画館', 'えいがかん', 'Eigakan', '', 1, 5),
       (309, 'またね', 'またね', 'Matane', '', 12, 0),
       (310, '来週', 'らいしゅう', 'Raishuu', '', 1, 5),
       (311, '来月', 'らいげつ', 'Raigetsu', '', 1, 5),
       (312, 'ピアノ', 'ピアノ', 'Piano', '', 1, 5),
       (313, '先週', 'せんしゅ', 'Senshuu', '', 1, 5),
       (315, '先月', 'せんげつ', 'Sengetsu', '', 1, 5),
       (316, '弾く', 'ひく', 'Hiku', 'Un instrument de musique.', 2, 0),
       (317, '再来週', 'さらいしゅう', 'Saraishuu', '', 1, 4),
       (318, '教える', 'おしえる', 'Oshieru', '', 2, 5),
       (319, 'ギター', 'ギター', 'Gitaa', '', 1, 0),
       (320, '練習する', 'れんしゅうする', 'Renshuu suru', '', 2, 5),
       (321, '寝る', 'ねる', 'Neru', '', 2, 5),
       (322, '寝る', 'ねる', 'Neru', '', 2, 5),
       (323, '起きる', 'おきる', 'Okiru', '', 2, 5),
       (324, '食べる', 'たべる', 'Taberu', '', 2, 5),
       (325, '食べる', 'たべる', 'Taberu', '', 2, 5),
       (326, '飲む', 'のむ', 'Nomu', '', 2, 5),
       (327, 'パソコン', 'パソコン', 'Pasokon', '', 1, 5),
       (328, 'スポーツ', 'スポーツ', 'Supootsu', '', 1, 5),
       (329, '作る', 'つくる', 'Tsukuru', '', 2, 5),
       (330, '料理', 'りょうり', 'Ryouri', '', 1, 5),
       (331, '新聞', 'しんぶん', 'Shinbun', '', 1, 5),
       (332, '番号', 'ばんごう', 'Bangou', '', 1, 5);

insert into japonais_groupe (id, id_japonais, id_groupe)
values (21, 101, 10),
       (22, 102, 10),
       (23, 103, 10),
       (24, 104, 10),
       (25, 105, 10),
       (26, 106, 10),
       (27, 107, 10),
       (28, 108, 10),
       (29, 109, 10),
       (30, 110, 10),
       (31, 111, 10),
       (32, 112, 10),
       (33, 113, 10),
       (34, 114, 10),
       (35, 6, 3),
       (36, 125, 12),
       (37, 15, 11),
       (38, 26, 11),
       (39, 133, 11),
       (40, 152, 9),
       (41, 59, 9),
       (42, 58, 9),
       (43, 65, 9),
       (44, 56, 9),
       (45, 135, 9),
       (46, 153, 9),
       (48, 24, 7),
       (49, 160, 1),
       (50, 161, 1),
       (51, 162, 1),
       (52, 163, 1),
       (53, 164, 1),
       (54, 165, 1),
       (55, 167, 1),
       (56, 2, 1),
       (57, 168, 1),
       (58, 169, 1),
       (59, 170, 1),
       (60, 171, 1),
       (61, 172, 1),
       (62, 173, 1),
       (63, 174, 1),
       (64, 175, 1),
       (65, 176, 1),
       (66, 177, 1),
       (67, 178, 1),
       (68, 179, 1),
       (69, 180, 1),
       (70, 181, 1),
       (71, 183, 1),
       (72, 184, 1),
       (73, 185, 1),
       (74, 186, 1),
       (75, 187, 1),
       (76, 187, 13),
       (77, 188, 13),
       (78, 189, 13),
       (79, 190, 13),
       (80, 191, 13),
       (81, 193, 14),
       (82, 194, 14),
       (83, 195, 14),
       (84, 196, 14),
       (85, 197, 14),
       (86, 198, 15),
       (87, 199, 14),
       (88, 200, 14),
       (89, 202, 16),
       (90, 203, 14),
       (91, 204, 16),
       (92, 205, 14),
       (93, 207, 16),
       (94, 220, 17),
       (96, 222, 5),
       (97, 224, 3),
       (98, 225, 18),
       (99, 226, 18),
       (100, 228, 19),
       (101, 230, 3),
       (102, 95, 20),
       (103, 51, 20),
       (104, 232, 20),
       (105, 154, 20),
       (106, 234, 20),
       (107, 235, 21),
       (108, 236, 21),
       (109, 237, 21),
       (110, 238, 21),
       (111, 240, 21),
       (112, 241, 21),
       (113, 55, 21),
       (114, 243, 13),
       (115, 244, 13),
       (116, 248, 13),
       (117, 250, 13),
       (118, 251, 13),
       (119, 252, 13),
       (120, 221, 21),
       (121, 255, 21),
       (122, 256, 21),
       (123, 259, 17),
       (124, 261, 17),
       (125, 262, 22),
       (126, 263, 22),
       (127, 269, 8),
       (128, 270, 8),
       (129, 273, 1),
       (130, 273, 18),
       (131, 274, 1),
       (132, 275, 3),
       (133, 282, 18),
       (135, 285, 18),
       (136, 284, 3),
       (137, 286, 18),
       (138, 287, 18),
       (139, 281, 18),
       (140, 288, 18),
       (141, 289, 18),
       (142, 290, 18),
       (144, 80, 3),
       (145, 293, 3),
       (146, 294, 18),
       (147, 295, 18),
       (148, 296, 18),
       (149, 297, 18),
       (150, 34, 23),
       (151, 305, 23),
       (152, 306, 23),
       (153, 307, 23),
       (154, 309, 13),
       (155, 310, 19),
       (156, 311, 10),
       (157, 313, 19),
       (158, 315, 10),
       (159, 317, 19),
       (160, 312, 24),
       (161, 319, 24),
       (162, 320, 24),
       (163, 316, 24),
       (164, 330, 11);

insert into kana (hiragana, katakana, romaji)
values ('あ', 'ア', 'a'),
       ('お', 'オ', 'o'),
       ('う', 'ウ', 'u'),
       ('い', 'イ', 'i'),
       ('え', 'エ', 'e'),

       ('か', 'カ', 'ka'),
       ('こ', 'コ', 'ko'),
       ('く', 'ク', 'ku'),
       ('き', 'キ', 'ki'),
       ('け', 'ケ', 'ke'),

       ('が', 'ガ', 'ga'),
       ('ご', 'ゴ', 'go'),
       ('ぐ', 'グ', 'gu'),
       ('ぎ', 'ギ', 'gi'),
       ('げ', 'ゲ', 'ge'),

       ('さ', 'サ', 'sa'),
       ('そ', 'ソ', 'so'),
       ('す', 'ス', 'su'),
       ('し', 'シ', 'shi'),
       ('せ', 'セ', 'se'),

       ('ざ', 'ザ', 'za'),
       ('ぞ', 'ゾ', 'zo'),
       ('ず', 'ズ', 'zu'),
       ('じ', 'ジ', 'ji'),
       ('ぜ', 'ゼ', 'ze'),

       ('た', 'タ', 'ta'),
       ('と', 'ト', 'to'),
       ('つ', 'ツ', 'tsu'),
       ('ち', '小', 'chi'),
       ('て', 'テ', 'te'),

       ('だ', 'ダ', 'da'),
       ('ど', 'ド', 'do'),
       ('づ', 'ヅ', 'zu'),
       ('で', 'デ', 'de'),

       ('な', 'ナ', 'na'),
       ('の', 'ノ', 'no'),
       ('ぬ', 'ヌ', 'nu'),
       ('に', 'ニ', 'ni'),
       ('ね', 'ネ', 'ne'),

       ('は', 'ハ', 'ha'),
       ('ほ', 'ホ', 'ho'),
       ('ふ', 'フ', 'fu'),
       ('ひ', 'ヒ', 'hi'),
       ('へ', 'ヘ', 'he'),

       ('ば', 'バ', 'ba'),
       ('ぼ', 'ボ', 'bo'),
       ('ぶ', 'ブ', 'bu'),
       ('び', 'ビ', 'bi'),
       ('べ', 'ベ', 'be'),

       ('ぱ', 'パ', 'pa'),
       ('ぽ', 'ポ', 'po'),
       ('ぷ', 'プ', 'pu'),
       ('ぴ', 'ピ', 'pi'),
       ('ぺ', 'ペ', 'pe'),

       ('ま', 'マ', 'ma'),
       ('も', 'モ', 'mo'),
       ('む', 'ム', 'mu'),
       ('み', 'ミ', 'mi'),
       ('め', 'メ', 'me'),

       ('や', 'ヤ', 'ya'),
       ('よ', 'ヨ', 'yo'),
       ('ゆ', '〒', 'yu'),

       ('ら', 'ラ', 'ra'),
       ('ろ', 'ロ', 'ro'),
       ('る', 'ル', 'ru'),
       ('り', 'リ', 'ri'),
       ('れ', 'レ', 're'),

       ('わ', 'ワ', 'wa'),
       ('を', 'ヲ', 'wo'),
       ('ん', 'ン', 'n'),

       ('きゃ', 'キャ', 'kya'),
       ('きょ', 'キョ', 'kyo'),
       ('きゅ', 'キュ', 'kyu'),

       ('ぎゃ', 'ギャ', 'gya'),
       ('ぎょ', 'ギョ', 'gyo'),
       ('ぎゅ', 'ギュ', 'gyu'),

       ('しゃ', 'シャ', 'sha'),
       ('しょ', 'ショ', 'sho'),
       ('しゅ', 'シュ', 'shu'),

       ('じゃ', 'ジャ', 'ja'),
       ('じょ', 'ジョ', 'jo'),
       ('じゅ', 'ジュ', 'ju'),

       ('ちゃ', 'チャ', 'cha'),
       ('ちょ', 'チョ', 'cho'),
       ('ちゅ', 'チュ', 'chu'),

       ('にゃ', 'ニャ', 'nya'),
       ('にょ', 'ニョ', 'nyo'),
       ('にゅ', 'ニュ', 'nyu'),

       ('ひゃ', 'ヒャ', 'hya'),
       ('ひょ', 'ヒョ', 'hyo'),
       ('ひゅ', 'ヒュ', 'hyu'),

       ('びゃ', 'ビャ', 'bya'),
       ('びょ', 'ビョ', 'byo'),
       ('びゅ', 'ビュ', 'byu'),

       ('ぴゃ', 'ピャ', 'pya'),
       ('ぴょ', 'ピュ', 'pyo'),
       ('ぴゅ', 'ピョ', 'pyu'),

       ('みゃ', 'ミャ', 'mya'),
       ('みょ', 'ミョ', 'myo'),
       ('みゅ', 'ミュ', 'myu'),

       ('りゃ', 'リャ', 'rya'),
       ('りょ', 'リョ', 'ryo'),
       ('りゅ', 'リュ', 'ryu'),

       (null, 'イェ', 'ye'),

       (null, 'ウォ', 'wo'),
       (null, 'ウィ', 'wi'),
       (null, 'ウェ', 'we'),

       (null, 'ヴァ', 'va'),
       (null, 'ヴォ', 'vo'),
       (null, 'ヴィ', 'vi'),
       (null, 'ヴ', 'vu'),
       (null, 'ヴェ', 've'),

       (null, 'シェ', 'she'),

       (null, 'ジェ', 'je'),

       (null, '', 'che'),

       (null, 'ツァ', 'tsa'),
       (null, 'ツォ', 'tso'),
       (null, 'ツィ', 'tsi'),
       (null, 'ツェ', 'tse'),

       (null, 'ティ', 'ti'),
       (null, 'トゥ', 'tu'),

       (null, 'ディ', 'di'),
       (null, 'ドゥ', 'du'),

       (null, 'ファ', 'fa'),
       (null, 'フォ', 'fo'),
       (null, 'フィ', 'fi'),
       (null, 'フェ', 'fe'),
       (null, 'フュ', 'fyu'),

       (null, 'クァ', 'kwa'),
       (null, 'クォ', 'kwo'),
       (null, 'クィ', 'kwi'),
       (null, 'クェ', 'kwe'),

       (null, 'グァ', 'gwa'),
       (null, 'グォ', 'gwo'),
       (null, 'グィ', 'gwi'),
       (null, 'グェ', 'gwe');

insert into kanji(id, kanji, lignes, grade, on_yomi, kun_yomi, sens, sens_en)
values (1, '亜', 7, 7, 'A', '-', 'Asie, Suivant, Sub-, Sous- (pour les acides)', '-'),
       (2, '哀', 9, 7, 'ai', '\"awa(re), awa(remu)\"', '\"pity, have mercy on, sympathize with\"',
        '\"pity, have mercy on, sympathize with, grief, sorrow, misery'),
       (3, '挨', 10, 7, 'ai', '-', '\"push open\"', '-'),
       (4, '愛', 13, 4, 'ai', '-', '\"love, affection, favorite\"', '-'),
       (5, '曖', 17, 7, 'ai', ' not clear\"', '\"dark', '-'),
       (6, '悪', 11, 3, '\"aku, 	o\"', 'waru(i)', '\"evil, wrong, vice, wickedness, lawlessness\"',
        '\"bad, evil, wrong'),
       (7, '握', 12, 7, 'aku', ' make (sushi balls)', '\"grasp, hold', ' assume (power)'),
       (8, '圧', 5, 5, 'atsu', '-', '\"press, oppress, dominate, overwhelm\"', '-'),
       (9, '扱', 6, 7, '-', 'atsuka(u)', '-', '\"treat'),
       (10, '宛', 8, 7, '-', 'a(teru)', '-', '\"address (a letter)\"'),
       (11, '嵐', 12, 7, '-', 'arashi', '-', '\"storm, tempest\"'),
       (12, '安', 6, 3, 'an', 'yasu(i)', '\"be rested, feel at ease, be relieved, repose\"', '\"cheap, inexpensive'),
       (13, '案', 10, 4, 'an', ' opinion', '\"proposition, suggestion, plan, idea', ' expectation'),
       (14, '暗', 13, 3, 'an', 'kura(i)', 'dark', '\"dark, gloomy, somber'),
       (15, '以', 5, 4, 'i', ' because', '\"with, by, by means of', ' in view of\"'),
       (16, '衣', 6, 4, 'i', 'koromo', 'garment', '\"clothes, robe'),
       (17, '位', 7, 4, 'i', 'kurai', '\"rank, place, grade\"', '\"grade, rank'),
       (18, '囲', 7, 4, 'i', '\"kako(mu), kako(u)\"', 'enclosure', '\"enclose, surround, encircle'),
       (19, '医', 7, 3, 'i', ' doctor\"', '\"medicine, the healing art', '-'),
       (20, '依', 8, 7, '\"i, [e	]\"', '-', '\"depend on\"', '-'),
       (21, '委', 8, 3, 'i', 'yuda(neru)', '\"entrust to, discard\"', '\"entrust to, devote (oneself) to\"'),
       (22, '威', 9, 7, 'i', '-', '\"dignity, majesty, authority\"', '-'),
       (23, '為', 9, 7, 'i', ' be of use', '\"change', ' reach to\"'),
       (24, '畏', 9, 7, 'i', 'oso(reru)', '\"fear, be overawed, be apprehensive\"',
        '\"fear, be overawed, be apprehensive\"'),
       (25, '胃', 9, 4, 'i', ' paunch, crop, craw\"', '\"stomach', '-'),
       (26, '尉', 11, 7, 'i', ' old man', '\"jailer', ' rank'),
       (27, '異', 11, 6, 'i', ' difference\"', '\"uncommonness, strangeness, queerness', 'koto(naru)'),
       (28, '移', 11, 5, 'i', ' soak in', '\"move, change, shift, pass into, drift', ' be infected, catch (a cold)'),
       (29, '萎', 11, 7, 'i', ' be paralyzed, be lame\"', '\"wither, droop, weaken', 'na(eru)'),
       (30, '偉', 12, 7, 'i', 'era(i)', 'greatness', '\"great, famous, excellent, remarkable\"'),
       (31, '椅', 12, 7, 'i', '-', 'chair', '-'),
       (32, '彙', 13, 7, 'i', '-', '\"same kind\"', '-'),
       (33, '意', 13, 3, 'i', ' care', '\"mind, heart', ' liking, taste'),
       (34, '違', 13, 7, 'i', ' disagree with', '\"differ, vary', ' be mistaken'),
       (35, '維', 14, 7, 'i', '-', '\"tie, rope\"', '-'),
       (36, '慰', 15, 7, 'i', ' make sport of', '\"amuse oneself', ' seduce\"'),
       (37, '遺', 15, 6, '\"i, [yui]\"', ' bequeath', '\"leave behind', ' save, reserve\"'),
       (38, '緯', 16, 7, 'i', ' horizontal', '\"woof', ' left and right'),
       (39, '域', 11, 6, 'iki', ' limits', '\"region', ' stage, level\"'),
       (40, '育', 8, 3, 'iku', '\"soda(tsu), soda(teru), haguku(mu)\"', '\"be raised, be brought up, grow, grow up\"',
        '\"be raised, be brought up, grow, grow up'),
       (41, '一', 1, 1, 'Ichi, Itsu', 'Hito, Hitsu', 'Un', 'Un, Une unité'),
       (42, '壱', 7, 7, 'ichi', '-', 'one', '-'),
       (43, '逸', 11, 7, 'itsu', '-', '\"idleness, leisure\"', '-'),
       (44, '茨', 9, 7, '-', '[ibara]', '\"thorn, brier\"', '\"thorn, brier\"'),
       (45, '芋', 6, 7, '-', 'imo', '-', 'potato'),
       (46, '引', 4, 2, 'in', ' lead (horses or captives)', '\"draw, pull, haul, tug, jerk, drag, trail, bend, attract',
        ' draw (lines)'),
       (47, '印', 6, 4, 'in', 'shirushi', '\"seal, stamp, mark\"', '\"sign, mark'),
       (48, '因', 6, 5, 'in', 'yo(ru)', '\"cause, factor\"', '\"depend on, be limited to\"'),
       (49, '咽', 9, 7, 'in', '-', '\"be choked, be smothered\"', '-'),
       (50, '姻', 9, 7, 'in', '-', 'marry', '-'),
       (51, '員', 10, 3, 'in', ' number', '\"member', ' the one in charge\"'),
       (52, '院', 10, 3, 'in', ' temple', '\"mansion', ' palace'),
       (53, '淫', 11, 7, 'in', 'mida(ra)', '\"lewdness, licentiousness\"', '\"licentious, indecent, lewd\"'),
       (54, '陰', 11, 7, 'in', ' negative', '\"the yin principle', ' melancholy'),
       (55, '飲', 12, 3, 'in', ' feast\"', '\"drinking', 'no(mu)'),
       (56, '隠', 14, 7, 'in', '\"kaku(su), kaku(reru)\"', '\"hide, conceal, cover, veil, cloak, disguise\"',
        '\"hide, conceal, cover, veil, cloak, disguise'),
       (57, '韻', 19, 7, 'in', ' elegance', '\"rhyme', ' tone\"'),
       (58, '右', 5, 1, 'U, Yū', 'Migi', 'Droite, Côté droit', 'Droite, Côté droit'),
       (59, '宇', 6, 6, 'u', ' roof', '\"eaves', ' house'),
       (60, '羽', 6, 2, 'u', '\"ha, hane\"', 'feather', '\"feather'),
       (61, '雨', 8, 1, 'U', 'Ame, Ama-, -Same', 'Pluie', 'Pluie'),
       (62, '唄', 10, 7, '-', '[uta]', '-', '\"songs accompanied by the samisen\"'),
       (63, '鬱', 29, 7, 'utsu', '-', '\"gloom, depression, melancholy\"', '-'),
       (64, '畝', 10, 7, '-', 'une', '-', '\"ridge (in a field), furrow, rib or cord (in cloth)\"'),
       (65, '浦', 10, 7, '-', 'ura', '-', '\"creek, inlet'),
       (66, '運', 12, 3, 'un', 'hako(bu)', '\"destiny, fate, lot, fortune, luck\"', '\"transport, carry'),
       (67, '雲', 12, 2, 'un', 'kumo', 'cloud', 'cloud'),
       (68, '永', 5, 5, 'ei', 'naga(i)', '\"long, lengthy\"', '\"long, lengthy\"'),
       (69, '泳', 8, 3, 'ei', ' totter', '\"swim', ' keep afloat, get along\"'),
       (70, '英', 8, 4, 'ei', ' gifted person', '\"England, Britain', ' wit\"'),
       (71, '映', 9, 6, 'ei', ' projection\"', '\"reflecting', '\"utsu(ru), utsu(su), ha(eru)\"'),
       (72, '栄', 9, 4, 'ei', '\"saka(eru), ha(e), ha(eru)\"', '\"prosperity, glory, splendor, honor\"',
        '\"prosper, flourish, thrive'),
       (73, '営', 12, 5, 'ei', 'itona(mu)', '\"camp, performing\"', '\"perform (ceremoies)'),
       (74, '詠', 12, 7, 'ei', ' song', '\"poem', ' singing'),
       (75, '影', 15, 7, 'ei', 'kage', 'shadow', '\"light'),
       (76, '鋭', 15, 7, 'ei', ' edge', '\"sharpness', ' (sharp) weapon'),
       (77, '衛', 16, 5, 'ei', '-', 'protection', '-'),
       (78, '易', 8, 5, '\"i, 	eki\"', ' divination, augury, fortunetelling\"', '\"easiness', 'yasa(shii)'),
       (79, '疫', 9, 7, '\"eki, [yaku]\"', '-', 'epidemic', '-'),
       (80, '益', 10, 5, '\"eki, [yaku]\"', '-', '\"gain, benefit, profit, use, advantage\"', '-'),
       (81, '液', 11, 5, 'eki', '-', '\"liquid, fluid, juice, sap, secretion\"', '-'),
       (82, '駅', 14, 3, 'eki', ' stage', '\"post town', ' station\"'),
       (83, '悦', 10, 7, 'etsu', '-', '\"joy, rapture, ecstasy, amusement\"', '-'),
       (84, '越', 12, 7, 'etsu', ' pass', '\"cross', ' spend'),
       (85, '謁', 15, 7, 'etsu', '-', '\"audience (with a ruler)\"', '-'),
       (86, '閲', 15, 7, 'etsu', '-', '\"inspection, revision\"', '-'),
       (87, '円', 4, 1, 'En', 'Maru(i)', 'Cercle, Yen', 'Rond'),
       (88, '延', 8, 6, 'en', '\"no(biru), no(beru), no(basu)\"', 'stretching', '\"extend, lengthen, stretch, spread'),
       (89, '沿', 8, 6, 'en', 'so(u)', '\"following along\"', '\"run along'),
       (90, '炎', 8, 7, 'en', 'honoo', 'inflammation', '\"flame, blaze\"'),
       (91, '怨', 9, 7, '\"en, on\"', ' be jealous\"', '\"bear a grudge, show resentment', '-'),
       (92, '宴', 10, 7, 'en', '-', '\"feast, banquet, party, entertainment\"', '-'),
       (93, '媛', 12, 7, 'en', ' young lady of noble birth\"', '\"princess', '-'),
       (94, '援', 12, 7, 'en', '-', '\"help, save\"', '-'),
       (95, '園', 13, 2, 'en', 'sono', '\"garden, yard, plantation, farm\"', '\"garden, park\"'),
       (96, '煙', 13, 7, 'en', '\"kemu(ru), kemuri, kemu(i)\"', 'smoke', '\"smoke, smolder, be smoky'),
       (97, '猿', 13, 7, 'en', 'saru', 'monkey', '\"monkey, ape'),
       (98, '遠', 13, 2, '\"en, [on]\"', ' hard (of hearing)\"', '\"far, distant, remote', 'too(i)'),
       (99, '鉛', 13, 7, 'en', 'namari', 'lead(metal)', 'lead(metal)'),
       (100, '塩', 13, 4, 'en', 'shio', 'salt', '\"salt, seasoning\"'),
       (101, '演', 14, 5, 'en', '-', '\"perform, play, act, enact, render, stage, put on\"', '-'),
       (102, '縁', 15, 7, 'en', ' blood relation', '\"relation, connection, affinity, ties, bond', ' karma relation'),
       (103, '艶', 19, 7, 'en', ' charm\"', '\"luster, glaze, polish', 'tsuya'),
       (104, '汚', 6, 7, 'o', ' disgrace, dishonor', '\"make dirty, stain, pollute, defile, contaminate', ' rape\"'),
       (105, '王', 4, 1, 'Ō, -Nō', '-', 'Roi, Régnant, Magnat, Monarque, Souverain', '-'),
       (106, '凹', 5, 7, 'oo', '-', '\"hollow, sunken\"', '-'),
       (107, '央', 5, 3, 'oo', '-', 'middle', '-'),
       (108, '応', 7, 5, 'oo', 'kota(eru)', '\"yes, all right\"', '\"respond, answer'),
       (109, '往', 8, 5, 'oo', ' chase away\"', '\"let go', '-'),
       (110, '押', 8, 7, 'oo', ' press, squash, compress', '\"push, shove', ' stamp, seal'),
       (111, '旺', 8, 7, 'oo', ' beautiful', '\"flourishing, successful', ' vigorous\"'),
       (112, '欧', 8, 7, 'oo', '-', 'Europe', '-'),
       (113, '殴', 8, 7, 'oo', 'nagu(ru)', '\"hit, beat, thrash\"', '\"hit, beat, thrash\"'),
       (114, '桜', 10, 5, 'oo', ' cherry blossoms', '\"flowering cherry', ' pink color'),
       (115, '翁', 10, 7, 'oo', '-', '\"old man, venerable\"', '-'),
       (116, '奥', 12, 7, 'oo', 'oku', '\"heart, interior\"', '\"heart, interior\"'),
       (117, '横', 15, 3, 'Ou', 'Yoko', 'Latéral, côté, horizontal, largeur, trame (tissu)',
        'Sideways, side, horizontal, width'),
       (118, '岡', 8, 7, '-', '[oka]', '-', '\"hill, knoll, rising ground\"'),
       (119, '屋', 9, 3, 'oku', 'ya', '\"house, roof\"', '\"shop, store'),
       (120, '億', 15, 4, 'oku', '-', '100,000,000', '-'),
       (121, '憶', 16, 7, 'oku', '-', '\"think, remember\"', '-'),
       (122, '臆', 17, 7, 'oku', ' breast, heart, mind\"', '\"timidity', '-'),
       (123, '虞', 13, 7, '-', 'osore', '-', '\"fear'),
       (124, '乙', 1, 7, 'otsu', ' the latter', '\"B, second', ' duplicate\"'),
       (125, '俺', 10, 7, '-', 'ore', '-', 'I'),
       (126, '卸', 9, 7, '-', '\"oro(su), oroshi\"', '-', '\"sell at wholesale'),
       (127, '音', 9, 1, 'On, In, -Non', 'Oto, Ne', 'Son, Bruit', 'Son, Bruit'),
       (128, '恩', 10, 5, 'on', '-', '\"kindness, goodness, favor, mercy, blessing, benefit\"', '-'),
       (129, '温', 12, 3, 'on', '\"atata(ka), atata(kai), atata(maru), atata(meru)\"', '\"warm, heat\"', '\"warm, heat'),
       (130, '穏', 16, 7, 'on', ' moderation\"', '\"calm, quiet, peace', 'oda(yaka)'),
       (131, '下', 3, 1, 'Ka, Ge',
        'Shita, shimo, -moto, sa.-Geru, sa. Garu, kuda.Ru, kuda.Ri, kuda. Su, - kuda. Su, kuda. Saru, o. Ro su, o.Riru',
        'En-dessous, Bas, Descendre, Inférieur', ''),
       (132, '化', 4, 3, '\"ka, 	ke\"', ' bewitch, enchant, confuse, delude\"', '\"influence',
        '\"ba(keru), ba(kasu)\"'),
       (133, '火', 4, 1, 'ka', '\"hi, [ho]\"', '\"fire, Tuesday\"', '\"fire, flame, blaze\"'),
       (134, '加', 5, 4, 'ka', '\"kuwa(eru), kuwa(waru)\"', '\"addition, increase\"', '\"join in'),
       (135, '可', 5, 5, 'ka', ' approval', '\"good, passable', ' safe to say, ability to do\"'),
       (136, '仮', 6, 5, '\"ka, [ke]\"', 'kari', '\"(Buddhist) vanity\"', '\"tempory, provisional'),
       (137, '何', 7, 2, 'ka', '\"nani, [nan]\"', 'what', 'what'),
       (138, '花', 7, 1, 'ka', 'hana', 'flower', '\"flower, blossom'),
       (139, '佳', 8, 7, 'ka', '-', '\"good, excellent, beautiful\"', '-'),
       (140, '価', 8, 5, 'ka', 'atai', '\"price, cost, value, worth\"', '\"price, cost, value, worth\"'),
       (141, '果', 8, 4, 'ka', '\"ha(tasu), ha(teru), ha(te)\"', '\"fruit, reward\"', '\"carry out, achieve, complete'),
       (142, '河', 8, 5, 'ka', 'kawa', '\"river, stream\"', '\"river, stream\"'),
       (143, '苛', 8, 7, 'ka', '-', '\"torment, scold, chastise\"', '-'),
       (144, '科', 9, 2, 'ka', ' arm (of defense)', '\"course, branch, department, faculty, school, college',
        ' family (in biology)\"'),
       (145, '架', 9, 7, 'ka', ' hang up', '\"frame, mount, stand, support', ' shelf\"'),
       (146, '夏', 10, 2, '\"ka, [ge]\"', 'natsu', 'summer', 'summer'),
       (147, '家', 10, 2, '\"ka, 	ke\"', '\"ie, ya\"', 'house', '\"house, home, residence'),
       (148, '荷', 10, 3, 'ka', 'ni', '\"shoulder-pole load\"', '\"load, baggage, freight, cargo'),
       (149, '華', 10, 7, '\"ka, [ke]\"', 'hana', '\"flower, petal, shining, luster, China\"', 'flower'),
       (150, '菓', 11, 7, 'ka', ' fruit\"', '\"cakes', '-'),
       (151, '貨', 11, 4, 'ka', '-', '\"property, freight, goods\"', '-'),
       (152, '渦', 12, 7, 'ka', 'uzu', '\"eddy, whirlpool, vortex\"', '\"eddy, whirlpool, vortex\"'),
       (153, '過', 12, 5, 'ka', ' error\"', '\"excess', '\"su(giru), su(gosu), ayama(tsu), ayama(chi)\"'),
       (154, '嫁', 13, 7, 'ka', ' be married to', '\"marry (a man)', ' blame\"'),
       (155, '暇', 13, 7, 'ka', 'hima', '\"rest, leisure\"', '\"time'),
       (156, '禍', 13, 7, 'ka', '-', '\"calamity, misfortune\"', '-'),
       (157, '靴', 13, 7, 'ka', 'kutsu', 'shoes', '\"shoes, boots\"'),
       (158, '寡', 14, 7, 'ka', ' widow,\"', '\"minority, few, minimum', '-'),
       (159, '歌', 14, 2, 'ka', '\"uta, uta(u)\"', '\"sing, recite, chant, carol\"', '\"sing, recite, chant, carol'),
       (160, '箇', 14, 7, 'ka', '-', '\"counters for things\"', '-'),
       (161, '稼', 15, 7, 'ka', 'kase(gu)', '\"work, earn money\"', '\"work, earn money\"'),
       (162, '課', 15, 4, 'ka', ' section, department', '\"lesson', ' allotment, division\"'),
       (163, '蚊', 10, 7, '-', 'ka', '-', 'mosquito'),
       (164, '牙', 4, 7, '\"ga, [ge]\"', 'kiba', '\"tusk, fang, canine tooth, eyetooth\"',
        '\"tusk, fang, canine tooth, eyetooth\"'),
       (165, '瓦', 5, 7, 'ga', 'kawara', 'tile', 'tile'),
       (166, '我', 7, 6, 'ga', '\"ware, wa\"', '\"ego, self, selfishness, egotism\"', '\"I, oneself, self, ego\"'),
       (167, '画', 8, 2, '\"ga, 	kaku\"', ' stroke (in a character)\"', '\"picture, drawing, painting, sketch', '-'),
       (168, '芽', 8, 4, 'ga', 'me', '\"sprout, spear, germ\"', '\"sprout, spear, germ\"'),
       (169, '賀', 12, 5, 'ga', '-', '\"congratulations, felicitations, compliments, joy of the occasion\"', '-'),
       (170, '雅', 13, 7, 'ga', '-', '\"elegance, refined taste\"', '-'),
       (171, '餓', 15, 7, 'ga', '-', '\"be hungry, starve, thirst\"', '-'),
       (172, '介', 4, 7, 'kai', '-', '\"shell, shellfish\"', '-'),
       (173, '回', 6, 2, '\"kai, [e]\"', ' round, game, bout, heat, inning, innings', '\"time', ' go around\"'),
       (174, '灰', 6, 6, 'kai', 'hai', 'ashes', 'ashes'),
       (175, '会', 6, 2, '\"kai, 	e\"', ' understanding', '\"Buddhist ceremony', ' meeting, assembly'),
       (176, '快', 7, 5, 'kai', 'kokoroyo(i)', '\"pleasure, enjoyment\"',
        '\"pleasant, agreeable, comfortable, refreshing, delightful'),
       (177, '戒', 7, 7, 'kai', ' admonition\"', '\"commandment', 'imashi(meru)'),
       (178, '改', 7, 4, 'kai', ' renew, renovate', '\"change, modify, convert', ' reform, mend, rectify'),
       (179, '怪', 8, 7, 'kai', ' apparition\"', '\"mystery', '\"aya(shii), aya(shimu)\"'),
       (180, '拐', 8, 7, 'kai', '-', '\"falsify, kidnap\"', '-'),
       (181, '悔', 9, 7, 'kai', '\"ku(iru), ku(yamu), kuya(shii)\"', '\"repend, regret\"', '\"repend, regret'),
       (182, '海', 9, 2, 'kai', 'umi', '\"sea, ocean\"', '\"sea, ocean\"'),
       (183, '界', 9, 3, 'kai', '-', '\"circle, world, boundary, limits\"', '-'),
       (184, '皆', 9, 7, 'kai', 'mina', '\"all, everybody, everything\"', '\"all, everybody, everything\"'),
       (185, '械', 11, 4, 'kai', ' machine', '\"fetters', ' instrument\"'),
       (186, '絵', 12, 2, '\"kai, 	e\"', '-', '\"picture, drawing, painting, sketch, illustration, cut, print\"',
        '-'),
       (187, '開', 12, 3, 'kai', '\"hira(ku), hira(keru), a(ku), a(keru)\"', 'opening',
        '\"open, unfold, unroll, uncover, unpack, untie, unseal'),
       (188, '階', 12, 3, 'kai', ' round', '\"stair, staircase', ' step'),
       (189, '塊', 13, 7, 'kai', 'katamari', '\"lump, chunk, clod, mass, clot, ingot\"', '\"lump, chunk, clod, mass'),
       (190, '楷', 13, 7, 'kai', ' straight tree', '\"square-character style', ' correctness, rule, model\"'),
       (191, '解', 13, 5, '\"kai, 	ge\"', ' key', '\"explanation, notes', ' excuse'),
       (192, '潰', 15, 7, 'kai', ' dissipate', '\"crush, smash, break', ' waste(time)'),
       (193, '壊', 16, 7, 'kai', '\"kowa(su), kowa(reru)\"', 'break', '\"break'),
       (194, '懐', 16, 7, 'kai', '\"futokoro, natsu(kashii), natsu(kashimu), natsu(ku), natsu(keru)\"',
        '\"heart, feeling\"', '\"bosom, breast, heart'),
       (195, '諧', 16, 7, 'kai', '-', '\"harmony, order, suitability\"', '-'),
       (196, '貝', 7, 1, '-', 'kai', '-', '\"shell, shellfish\"'),
       (197, '外', 5, 2, '\"gai, 	ge\"', '\"soto, hoka, ha(zusu), hazu(reru)\"',
        '\"outside, without, beside, beyond the scope off\"', '\"outside, exterior, open air'),
       (198, '劾', 8, 7, 'gai', '-', '\"criminal investigation\"', '-'),
       (199, '害', 10, 4, 'gai', '-', '\"injury, harm, damage, mischief, interference\"', '-'),
       (200, '崖', 11, 7, 'gai', 'gake', '\"cliff, bluff, precipice\"', '\"cliff, bluff, precipice\"'),
       (201, '涯', 11, 7, 'gai', '-', 'shore', '-'),
       (202, '街', 12, 4, '\"gai, [kai]\"', ' town\"', '\"street, avenue', 'machi'),
       (203, '慨', 13, 7, 'gai', '-', '\"be sad\"', '-'),
       (204, '蓋', 13, 7, 'gai', 'futa', 'cover', '\"cover, lid, flap, hood\"'),
       (205, '該', 13, 7, 'gai', '-', '\"the said\"', '-'),
       (206, '概', 14, 7, 'gai', ' condition, situation\"', '\"approximation', '-'),
       (207, '骸', 16, 7, 'gai', '-', '\"bone, body\"', '-'),
       (208, '垣', 9, 7, '-', 'kaki', '-', '\"fence, hedge, wall\"'),
       (209, '柿', 9, 7, '-', 'kaki', '-', 'persimmon'),
       (210, '各', 6, 4, 'kaku', 'onoono', 'each', '\"each, every, either, respectively\"'),
       (211, '角', 7, 2, 'kaku', ' corner', '\"angle', ' square'),
       (212, '拡', 8, 6, 'kaku', ' unfurl', '\"expand, enlarge, widen', ' open (arms or a package), stretch, spread\"'),
       (213, '革', 9, 6, 'kaku', 'kawa', '\"tanned leather\"', '\"skin'),
       (214, '格', 10, 5, '\"kaku, [koo]\"', ' capacity, character', '\"status, rank', ' standard'),
       (215, '核', 10, 7, 'kaku', '-', '\"nucleus, core, seed, kernel\"', '-'),
       (216, '殻', 11, 7, 'kaku', ' cast-off skin', '\"husk, hull, nutshell', ' tofu refuse'),
       (217, '郭', 11, 7, 'kaku', ' quarters\"', '\"enclosure', '-'),
       (218, '覚', 12, 4, 'kaku', ' learn, perceive', '\"remember, memorize', ' feel, experience, know'),
       (219, '較', 13, 7, 'kaku', '-', '\"compare, balance, contrast\"', '-'),
       (220, '隔', 13, 7, 'kaku', '\"heda(teru), heda(taru)\"', '\"distance, every other, alternate \"',
        '\"separate, interpose'),
       (221, '閣', 14, 6, 'kaku', '-', '\"tower, tall building, palace, cabinet (of a government)\"', '-'),
       (222, '確', 15, 5, 'kaku', '\"tashi(ka), tashi(kameru)\"', '\"firm, tight, hard, solid\"',
        '\"ascertain, confirm, verify'),
       (223, '獲', 16, 7, 'kaku', ' can, be able to, may', '\"get, acquire, find, earn, win, gain, receive',
        ' commit (sin)\"'),
       (224, '嚇', 17, 7, 'kaku', ' frighten', '\"threaten', ' intimidate\"'),
       (225, '穫', 18, 7, 'kaku', '-', '\"harvest, reap\"', '-'),
       (226, '学', 8, 1, 'Gaku', 'Mana.bu', 'Étudier, apprendre, science', 'Study, learn, science'),
       (227, '岳', 8, 7, 'gaku', 'take', '\"peak, mountain\"', '\"peak, mountain\"'),
       (228, '楽', 13, 2, '\"gaku, 	raku\"', ' comfort, ease, relief', '\"music', ' pleasure'),
       (229, '額', 18, 5, 'gaku', ' sum, quantity, amount, volume', '\"tablet, plaque, framed picture',
        ' denomination\"'),
       (230, '顎', 18, 7, 'gaku', 'ago', 'jaw', '\"jaw, chin\"'),
       (231, '掛', 11, 7, '-', '\"ka(keru), ka(karu), kakari\"', '-',
        '\"hang on, be suspended from, be caught, be trapped'),
       (232, '潟', 15, 7, '-', 'kata', '-', 'lagoon'),
       (233, '括', 9, 7, 'katsu', ' arrest', '\"tie up, hang (someone)', ' fasten\"'),
       (234, '活', 9, 2, 'katsu', ' being helped', '\"living', ' resuscitation\"'),
       (235, '喝', 11, 7, 'katsu', '-', '\"scold, get hoarse\"', '-'),
       (236, '渇', 11, 7, 'katsu', 'kawa(ku)', 'thirst', '\"be thirsty'),
       (237, '割', 12, 6, 'katsu', ' separate', '\"divide, cut, halve', ' split, rip'),
       (238, '葛', 12, 7, 'katsu', 'kuzu', '\"arrowroot, a strong-fiber vine\"', '\"arrowroot'),
       (239, '滑', 13, 7, '\"katsu, kotsu\"', ' be slippery', '\"slide, glide, skate', ' slip'),
       (240, '褐', 13, 7, 'katsu', '-', '\"woolen kimono\"', '-'),
       (241, '轄', 17, 7, 'katsu', '-', 'wedge', '-'),
       (242, '且', 5, 7, '-', 'ka(tsu)', '-', '\"also, futhermore\"'),
       (243, '株', 10, 6, '-', 'kabu', '-', '\"stump'),
       (244, '釜', 10, 7, '‐', 'kama', '-', '\"kettle, cauldron, iron pot'),
       (245, '鎌', 18, 7, '‐', 'kama', '-', '\"sickle, scythe'),
       (246, '刈', 4, 7, '-', 'ka(ru)', '-', '\"cut, clip'),
       (247, '干', 3, 6, 'kan', ' ebb, recede\"', '\"parch, get dry', '\"ho(su), hi(ru)\"'),
       (248, '刊', 5, 5, 'kan', ' carve, engrave\"', '\"publishig', '-'),
       (249, '甘', 5, 7, 'kan', ' coax\"', '\"presume upon, take advantage of', '\"ama(i), ama(eru), ama(yakasu)\"'),
       (250, '汗', 6, 7, 'kan', 'ase', '\"be sweaty\"', 'perspiration'),
       (251, '缶', 6, 7, 'kan', '-', 'can', '-'),
       (252, '完', 7, 4, 'kan', '-', '\"comletion, end\"', '-'),
       (253, '肝', 7, 7, 'kan', 'kimo', 'liver', '\"liver, pluck, courage, nerve\"'),
       (254, '官', 8, 4, 'kan', ' the Court\"', '\"the Government, the authorities', '-'),
       (255, '冠', 9, 7, 'kan', ' first, best, peerless\"', '\"crown, diadem', 'kanmuri'),
       (256, '巻', 9, 6, 'kan', ' reel\"', '\"volume, book, part', '\"ma(ku), maki\"'),
       (257, '看', 9, 6, 'kan', '-', 'see', '-'),
       (258, '陥', 10, 7, 'kan', ' cave in, sink', '\"fall into, get into, slide into, lapse into', ' fall (a fort)\"'),
       (259, '乾', 11, 7, 'kan', ' emperor\"', '\"heaven', '\"kawa(ku), kawa(kasu)\"'),
       (260, '勘', 11, 7, 'kan', ' the sixth sense\"', '\"perception, intuition', '-'),
       (261, '患', 11, 7, 'kan', 'wazura(u)', 'disease', '\"be ill, suffer from'),
       (262, '貫', 11, 7, 'kan', 'tsuranu(ku)', '\"8.3/1 pounds\"', '\"pierce, penetrate, perforate'),
       (263, '寒', 12, 3, 'kan', 'samu(i)', '\"midwinter, coldest season\"', '\"cold, chilly\"'),
       (264, '喚', 12, 7, 'kan', '-', '\"cry, scream, yell, shout, clamor\"', '-'),
       (265, '堪', 12, 7, 'kan', ' support', '\"endure', ' withstand, resist, brave, weather'),
       (266, '換', 12, 7, 'kan', '\"ka(eru), ka(waru)\"',
        '\"change, turn, convert, exchange, renew, substitute, replace\"',
        '\"change, turn, convert, exchange, renew, substitute, replace'),
       (267, '敢', 12, 7, 'kan', ' frail, feeble', '\"sad, tragic, pitiful', ' fleeting'),
       (268, '棺', 12, 7, 'kan', '-', '\"casket, coffin\"', '-'),
       (269, '款', 12, 7, 'kan', ' goodwill, friendship', '\"article, section', ' collusion\"'),
       (270, '間', 12, 2, '\"kan, 	ken\"', ' space', '\"interval', ' between'),
       (271, '閑', 12, 7, 'kan', '-', 'leisure', '-'),
       (272, '勧', 13, 7, 'kan', ' offer (wine) \"', '\"recommend, advise, encourage', 'susu(meru)'),
       (273, '寛', 13, 7, 'kan', '-', '\"leniency, generosity\"', '-'),
       (274, '幹', 13, 5, 'kan', 'miki', '\"(tree) trunk\"', '\"(tree) trunk\"'),
       (275, '感', 13, 3, 'kan', ' sense', '\"feeling, sensation, sentiment', ' emotion'),
       (276, '漢', 13, 3, 'kan', ' (old name for China), masculine suffix\"', '\"Han (Dynasty)', '-'),
       (277, '慣', 14, 5, 'kan', ' become a habit\"', '\"experience', '\"na(reru), na(rasu)\"'),
       (278, '管', 14, 4, 'kan', ' (brush) holder', '\"pipe, tube', ' wind instrument\"'),
       (279, '関', 14, 4, 'kan', '\"seki, kaka(waru)\"', '\"barrier, gateway\"',
        '\"concern oneself in, have to do with'),
       (280, '歓', 15, 7, 'kan', '-', '\"joy, pleasure\"', '-'),
       (281, '監', 15, 7, 'kan', ' director, head official\"', '\"office, government office', '-'),
       (282, '緩', 15, 7, 'kan', ' relax', '\"loosen, lessen', ' be unguarded'),
       (283, '憾', 16, 7, 'kan', '-', '\"regret, be sorry for\"', '-'),
       (284, '還', 16, 7, 'kan', ' take one\'s leave', '\"return', ' come again'),
       (285, '館', 16, 3, 'kan', 'yakata', '\"mansion, large building, hall\"', '\"mansion'),
       (286, '環', 17, 7, 'kan', '-', 'ring', '-'),
       (287, '簡', 18, 6, 'kan', '-', '\"brevity, simplicity\"', '-'),
       (288, '観', 18, 4, 'kan', ' spectacle', '\"look, appearance', ' condition'),
       (289, '韓', 18, 7, 'kan', '-', 'Korea', '-'),
       (290, '艦', 21, 7, 'kan', '-', 'warship', '-'),
       (291, '鑑', 23, 7, 'kan', 'kanga(miru)', '\"take warning from, learn a lesson from \"',
        '\"take warning from, learn a lesson from \"'),
       (292, '丸', 3, 2, 'gan', ' perfection', '\"full (month)', ' purity'),
       (293, '含', 7, 7, 'gan', ' bear in mind, understand', '\"hold in the mouth', ' cherish, harbor'),
       (294, '岸', 8, 3, 'gan', 'kishi', '\"bank, shore, coast, brink\"', '\"bank, shore, coast, brink\"'),
       (295, '岩', 8, 2, 'gan', ' reef\"', '\"rock, crag', 'iwa'),
       (296, '玩', 8, 7, 'gan', ' take pleasure in', '\"play', ' play (on an instrument)'),
       (297, '眼', 11, 5, '\"gan, [gen]\"', ' look, gaze', '\"eye', ' notice, attention'),
       (298, '頑', 13, 7, 'gan', ' foolish\"', '\"stubborn', '-'),
       (299, '顔', 18, 2, 'gan', 'kao', '\"face, countenance\"', '\"face, countenance, expression'),
       (300, '願', 19, 4, 'gan', 'nega(u)', '\"prayer, petition, vow\"', '\"desire, wish, hope'),
       (301, '企', 6, 7, 'ki', ' attempt, undertake\"', '\"plan, plot, propose, design, intend, contemplate',
        'kuwada(teru)'),
       (302, '伎', 6, 7, 'ki', '-', '\"deed, skill\"', '-'),
       (303, '危', 6, 6, 'ki', '\"abu(nai), aya(ui), aya(bumu)\"', '\"be afraid of, feel uneasy about, shrink from\"',
        '\"fear, have misgivings, be doubtful, mistrust'),
       (304, '机', 6, 6, 'ki', 'tsukue', '\"desk, table\"', '\"desk, table\"'),
       (305, '気', 6, 1, '\"ki, 	ke\"', ' intention', '\"spirit, mind, soul, heart', ' bent, interest'),
       (306, '岐', 7, 7, 'ki', ' street', '\"forking road', ' scene'),
       (307, '希', 7, 4, 'ki', '-', 'Greece', '-'),
       (308, '忌', 7, 7, 'ki', ' death anniversary', '\"mourning', ' something detestable\"'),
       (309, '汽', 7, 2, 'ki', '-', '\"vapor, steam\"', '-'),
       (310, '奇', 8, 7, 'ki', '-', '\"strangeness, curiosity, eccentricity\"', '-'),
       (311, '祈', 8, 7, 'ki', ' wish\"', '\"pray', 'ino(ru)'),
       (312, '季', 8, 4, 'ki', '-', 'season', '-'),
       (313, '紀', 9, 4, 'ki', '-', '\"account, narrative, history, annals, geological period\"', '-'),
       (314, '軌', 9, 7, 'ki', ' railway', '\"wheel track', ' orbit'),
       (315, '既', 10, 7, 'ki', ' already, long ago', '\"previously', ' on the point of'),
       (316, '記', 10, 2, 'ki', ' remembering', '\"account, narrative, history, annals', ' writing'),
       (317, '起', 10, 3, 'ki', ' occur', '\"get up, rise, awake', ' (a fire) is kindled \"'),
       (318, '飢', 10, 7, 'ki', 'u(eru)', '\"be hungry, starve\"', '\"be hungry, starve\"'),
       (319, '鬼', 10, 7, 'ki', ' spirits of the dead\"', '\"devil, demon', 'oni'),
       (320, '帰', 10, 2, 'ki', ' take one\'s leave', '\"return', ' come again'),
       (321, '基', 11, 5, 'ki', ' counter for lanterns, wreaths, motors, silos, and heavy machines',
        '\"radical (in chemistry)', ' foundation'),
       (322, '寄', 11, 5, 'ki', ' gather, collect, summon, muster', '\"let approach, bring near', ' add up'),
       (323, '規', 11, 5, 'ki', ' measure\"', '\"standard', '-'),
       (324, '亀', 11, 7, 'ki', 'kame', '\"turtle, tortoise\"', '\"turtle, tortoise\"'),
       (325, '喜', 12, 4, 'ki', 'yoroko(bu)', '\"rejoice, be glad, be pleased\"', '\"rejoice, be glad, be pleased\"'),
       (326, '幾', 12, 7, 'ki', ' how far, how long', '\"how many, how much', ' so much per'),
       (327, '揮', 12, 6, 'ki', ' be invigorated, be spirited, flourish\"', '\"shake, wield, brandish', '-'),
       (328, '期', 12, 3, '\"ki, [go]\"', ' an age', '\"time, date, period, term', ' season'),
       (329, '棋', 12, 7, 'ki', '-', '\"Japanese chess\"', '-'),
       (330, '貴', 12, 6, 'ki', ' respect, honor, revere\"', '\"value, prize, esteem',
        '\"tatto(i), tooto(i), tatto(bu), tooto(bu)\"'),
       (331, '棄', 13, 7, 'ki', ' renounce, relinquish', '\"throw away, discard, abandon, desert, give up', ' resign'),
       (332, '毀', 13, 7, 'ki', '-', '\"break, destroy, demolish\"', '-'),
       (333, '旗', 14, 4, 'ki', 'hata', '\"flag, banner, standard, ensign, pennant, streamer\"',
        '\"flag, banner, standard, ensign, pennant, streamer\"'),
       (334, '器', 15, 4, 'ki', ' utensil, instrument, tool, apparatus', '\"container', ' set'),
       (335, '畿', 15, 7, 'ki', ' capital suburbs\"', '\"capital', '-'),
       (336, '輝', 15, 7, 'ki', ' brilliant, radiant, bright\"', '\"shine, sparkle, gleam, twinkle', 'kagaya(ku)'),
       (337, '機', 16, 4, 'ki', ' occasion, time', '\"opportunity', ' machine, airplane\"'),
       (338, '騎', 18, 7, 'ki', ' counter for horsemen\"', '\"riding on horses', '-'),
       (339, '技', 7, 5, 'gi', ' ability, skill, feat, performance\"', '\"art, craft', 'waza'),
       (340, '宜', 8, 7, 'gi', ' pleasing', '\"good, good-natured', ' precious'),
       (341, '偽', 11, 7, 'gi', ' deceive', '\"lie, falsity', ' pretend'),
       (342, '欺', 12, 7, 'gi', 'azamu(ku)', '\"deceive, cheat, delude\"', '\"deceive, cheat, delude\"'),
       (343, '義', 13, 5, 'gi', ' humanity', '\"justice, righteousness, morality',
        ' integrity, honor, loyalty, chivalry, devotion'),
       (344, '疑', 14, 6, 'gi', ' distrust', '\"doubt', ' be suspicious of\"'),
       (345, '儀', 15, 7, 'gi', ' ceremony', '\"rule', ' case, affair, a matter \"'),
       (346, '戯', 15, 7, 'gi', ' flirt with\"', '\"play, sport, frolic, joke', 'tawamu(reru)'),
       (347, '擬', 17, 7, 'gi', ' nominate for office', '\"aim (a gun) at', ' imitate, mimic'),
       (348, '犠', 17, 7, 'gi', '-', 'sacrifice', '-'),
       (349, '議', 20, 4, 'gi', ' consideration, proposal, suggestion\"', '\"consultation, deliberation, debate', '-'),
       (350, '菊', 11, 7, 'kiku', '-', 'chrysanthemum', '-'),
       (351, '吉', 6, 7, '\"kichi, 	kitsu\"', ' joy, congratulations\"', '\"good luck', '-'),
       (352, '喫', 12, 7, 'kitsu', ' receive (a blow, etc.)\"', '\"eat, drink, smoke', '-'),
       (353, '詰', 13, 7, 'kitsu', ' be checkmated\"', '\"be pressed in, be packed, become close',
        '\"tsu(meru), tsu(maru), tsu(mu)\"'),
       (354, '却', 7, 7, 'kyaku', ' rather, all the more\"', '\"instead, on the contrary', '-'),
       (355, '客', 9, 3, '\"kyaku, 	kaku\"', ' guest, customer, client', '\"visitor', ' passenger\"'),
       (356, '脚', 11, 7, '\"kyaku, [kya]\"', 'ashi', '\"leg, skid, undercarriage\"', '\"foot'),
       (357, '逆', 9, 5, 'gyaku', ' wicked', '\"reverse, inverse, opposite, unnatural', ' traitorous\"'),
       (358, '虐', 9, 7, 'gyaku', 'shiita(geru)', '\"oppress, tyrannixe\"', '\"oppress, tyrannixe\"'),
       (359, '九', 2, 1, '\"kyuu, 	ku\"', '\"kokono, kokono(tsu)\"', 'nine', 'nine'),
       (360, '久', 3, 5, '\"kyuu, [ku]\"', 'hisa(shii)', '\"long, long continued, an old (story)\"',
        '\"long, long continued, an old (story)\"'),
       (361, '及', 3, 7, 'kyuu', '\"oyo(bu), oyo(bi), oyo(bosu)\"', '\"exert, exercise, cause\"',
        '\"exert, exercise, cause'),
       (362, '弓', 3, 2, 'kyuu', ' violin bow\"', '\"bow', 'yumi'),
       (363, '丘', 5, 7, 'kyuu', 'oka', '\"hill, knoll, rising ground\"', '\"hill, knoll, rising ground\"'),
       (364, '旧', 5, 5, 'kyuu', ' old times', '\"old things', ' old friend'),
       (365, '休', 6, 1, 'kyuu', ' take a day off', '\"rest', ' be absent'),
       (366, '吸', 6, 6, 'kyuu', ' imbibe, sip', '\"inhale', ' suck, suck out\"'),
       (367, '朽', 6, 7, 'kyuu', ' remain in seclusion\"', '\"decay, rot', 'ku(chiru)'),
       (368, '臼', 6, 7, 'kyuu', 'usu', '\"mortar, hand mill\"', '\"mortar, hand mill\"'),
       (369, '求', 7, 4, 'kyuu', ' seek, search for', '\"want, wish for, request, demand', ' pursue (pleasure)'),
       (370, '究', 7, 3, 'kyuu', ' carry to extremes\"', '\"investigate thoroly, master', 'kiwa(meru)'),
       (371, '泣', 8, 4, 'kyuu', 'na(ku)', '\"cry, weep, wail, moan\"', '\"cry, weep, wail, moan\"'),
       (372, '急', 9, 3, 'kyuu', ' suddenness', '\"emergency', ' danger'),
       (373, '級', 9, 3, 'kyuu', ' steps', '\"grade, class, rank', ' decapitated head\"'),
       (374, '糾', 9, 7, 'kyuu', ' investigate, ascertain, verify\"', '\"ask, demand, question', '-'),
       (375, '宮', 10, 3, '\"kyuu, guu, [ku]\"', ' palace\"', '\"constellations (of the zodiac)', 'miya'),
       (376, '救', 11, 4, 'kyuu', ' redeem, reclaim\"', '\"save, help, rescue, relieve (suffering)', 'suku(u)'),
       (377, '球', 11, 3, 'kyuu', ' bulb', '\"globe, sphere, ball', ' (radio) tube\"'),
       (378, '給', 12, 4, 'kyuu', ' gift', '\"wage', ' wage grade\"'),
       (379, '嗅', 13, 7, 'kyuu', 'ka(gu)', '\"smell, sniff, scent\"', '\"smell, sniff, scent\"'),
       (380, '窮', 15, 7, 'kyuu', ' suffer', '\"be destitute', ' be perplexed'),
       (381, '牛', 4, 2, 'gyuu', 'ushi', '\"beef, cow\"', '\"cattle, cow, bull, ox\"'),
       (382, '去', 5, 3, '\"kyo, 	ko\"', ' pass, elapse, be gone, be over', '\"leave, move away, quit',
        ' be distant from'),
       (383, '巨', 5, 7, 'kyo', '-', '\"big, large, great\"', '-'),
       (384, '居', 8, 5, 'kyo', 'i(ru)', 'residence', '\"be, exist'),
       (385, '拒', 8, 7, 'kyo', ' repudiate', '\"refuse, reject, decline', ' resist, oppose, prevent'),
       (386, '拠', 8, 7, '\"kyo, 	ko\"', '-', '\"be based on, follow\"', '-'),
       (387, '挙', 10, 4, 'kyo', ' behavior', '\"plan, project', ' actions'),
       (388, '虚', 11, 7, '\"kyo, [ko]\"', ' unpreparedness', '\"emptiness', ' crack, fissure'),
       (389, '許', 11, 5, 'kyo', ' authorize', '\"permit, approve', ' acknowledge'),
       (390, '距', 12, 7, 'kyo', '-', '\"be distant\"', '-'),
       (391, '魚', 11, 2, 'gyo', '\"uo, sakana\"', 'fish', 'fish'),
       (392, '御', 12, 7, '\"gyo, 	go\"', ' honorific prefix\"', '\"imperial honorary prefix', 'on'),
       (393, '漁', 14, 4, '\"gyo, 	ryoo\"', ' fishery', '\"fishing', ' catch, haul\"'),
       (394, '凶', 4, 7, 'kyoo', ' bad luck', '\"evil', ' disaster'),
       (395, '共', 6, 4, 'kyoo', ' neither (with neg.)', '\"both', ' all'),
       (396, '叫', 6, 7, 'kyoo', ' cry for, clamor for, advocate\"', '\"shout, exclaim, cry, yell, roar, howl',
        'sake(bu)'),
       (397, '狂', 7, 7, 'kyoo', '\"kuru(u), kuru(oshii)\"', 'lunatic', '\"go insane'),
       (398, '京', 8, 2, '\"kyoo, 	kei\"', ' captital, metropolis', '\"ten quadrillion', ' Kyoto\"'),
       (399, '享', 8, 7, 'kyoo', ' accept', '\"receive, take, get, obtain', ' catch (a ball)'),
       (400, '供', 8, 6, '\"kyoo, [ku]\"', ' serve (a meal)', '\"offer, present, submit', ' supply\"'),
       (401, '協', 8, 4, 'kyoo', '-', 'cooperation', '-'),
       (402, '況', 8, 7, 'kyoo', '-', '\"still more, still less (neg.)\"', '-'),
       (403, '峡', 9, 7, 'kyoo', '-', '\"gorge, ravine\"', '-'),
       (404, '挟', 9, 7, 'kyoo', ' insert, jam into', '\"put between, hold between', ' nip'),
       (405, '狭', 9, 7, 'kyoo', '\"sema(i), saba(meru), seba(maru)\"', '\"narrow, contract, reduce\"',
        '\"narrow, contract, reduce'),
       (406, '恐', 10, 7, 'kyoo', ' be overawed', '\"fear, dread, be afraid', ' be apprehensive\"'),
       (407, '恭', 10, 7, 'kyoo', 'uyauya(shii)', '\"respectful, reverent\"', '\"respectful, reverent\"'),
       (408, '胸', 10, 6, 'kyoo', ' heart, mind, feelings\"', '\"chest, breast, bosom', '\"mune, [muna]\"'),
       (409, '脅', 10, 7, 'kyoo', ' coerce\"', '\"threaten', '\"obiya(kasu), odo(su), odo(kasu)\"'),
       (410, '強', 11, 2, '\"kyoo, 	goo\"', ' strong person\"', '\"strength, might',
        '\"tsuyo(i), tsuyo(maru), tsuyo(meru), shi(iru)\"'),
       (411, '教', 11, 2, 'kyoo', '\"oshi(eru), oso(waru)\"', 'faith', '\"teach, give lessons'),
       (412, '郷', 11, 6, '\"kyoo, 	goo\"', ' country, district\"', '\"village, native place', '-'),
       (413, '境', 14, 5, '\"kyoo, [kei]\"', ' region', '\"boundary', ' condition'),
       (414, '橋', 16, 3, 'kyoo', 'hashi', 'bridge', 'bridge'),
       (415, '矯', 17, 7, 'kyoo', ' correct, reform, cure', '\"straighten', ' control (one\'s feelings)'),
       (416, '鏡', 19, 4, 'kyoo', ' speculum', '\"mirror', ' barrelhead'),
       (417, '競', 20, 4, '\"kyoo, 	kei\"', '\"kiso(u), se(ru)\"', '\"emulate, compete with\"',
        '\"emulate, compete with'),
       (418, '響', 20, 7, 'kyoo', ' grate on', '\"sound, resound, reverberate, echo, ring, vibrate',
        ' affect, find an echo in'),
       (419, '驚', 22, 7, 'kyoo', ' be frightened, be taken aback', '\"be surprised', ' be appalled'),
       (420, '仰', 6, 7, '\"gyoo, [koo]\"', ' look up to', '\"look up', ' ask for, depend on'),
       (421, '暁', 12, 7, 'gyoo', ' in the event (of)\"', '\"dawn, daybrake', 'akatsuki'),
       (422, '業', 13, 3, '\"gyoo, 	goo\"', ' industry', '\"vocation, occupation, business, trade, profession',
        ' undertaking'),
       (423, '凝', 16, 7, 'gyoo', '\"ko(ru), ko(rasu)\"', '\"freeze, congeal\"', '\"feel stiff, get stiff'),
       (424, '曲', 6, 3, 'kyoku', ' fault\"', '\"music, tone, melody, composition', '\"ma(garu), ma(geru)\"'),
       (425, '局', 7, 3, 'kyoku', ' central', '\"bureau, board, office', ' post office'),
       (426, '極', 12, 4, '\"kyoku, 	goku\"', ' highest rank', '\"end', ' the poles'),
       (427, '玉', 5, 1, 'gyoku', 'tama', '\"gem, jewel, precious stone, jade\"', '\"ball, bowl, sphere, bulb'),
       (428, '巾', 3, 7, 'kin', '-', 'towel', '-'),
       (429, '斤', 4, 7, 'kin', ' axe\"', '\"1.1/3 pounds, catty', '-'),
       (430, '均', 7, 5, 'kin', '-', '\"to level, to average\"', '-'),
       (431, '近', 7, 2, 'kin', ' near, short (road), close by', '\"early, immediate', ' akin to'),
       (432, '金', 8, 1, '\"kin, 	kon\"', ' money', '\"gold', ' Friday\"'),
       (433, '菌', 11, 7, 'kin', '-', '\"fungus, germ, bacteria\"', '-'),
       (434, '勤', 12, 6, '\"kin, [gon]\"', '\"tsuto(meru), tsuto(maru)\"',
        '\"be fit for, be equal to, function properly\"', '\"be fit for, be equal to, function properly'),
       (435, '琴', 12, 7, 'kin', 'koto', 'harp', '\"long horizontal Japanese harp, a koto'),
       (436, '筋', 12, 6, 'kin', 'suji', '\"muscle, sinew, tendon\"', '\"muscle'),
       (437, '僅', 13, 7, 'kin', 'wazu(ka)', '\"a little, a small quantity\"', '\"a little, a small quantity\"'),
       (438, '禁', 13, 5, 'kin', ' law\"', '\"prohibition, ban, embargo', '-'),
       (439, '緊', 15, 7, 'kin', ' reliable', '\"hard, solid', ' tight\"'),
       (440, '錦', 16, 7, 'kin', ' fine dress', '\"brocade', ' honors\"'),
       (441, '謹', 17, 7, 'kin', ' restrain oneself, be moderate\"',
        '\"be discreet, be careful, be prudent, be cautious', 'tsutsushi(mu)'),
       (442, '襟', 18, 7, 'kin', 'eri', '\"neck, neckband, collar, lapel\"', '\"neck, neckband, collar, lapel\"'),
       (443, '吟', 7, 7, 'gin', ' recital', '\"singing', ' song'),
       (444, '銀', 14, 3, 'gin', '-', 'silver', '-'),
       (445, '区', 4, 3, 'ku', '-', '\"ward, district, section\"', '-'),
       (446, '句', 5, 5, 'ku', ' expression', '\"phrase, clause, sentence, passage, paragraph', ' line, verse, stanza'),
       (447, '苦', 8, 3, 'ku', '\"kuru(shii), kuru(shimu), kuru(shimeru), niga(i), niga(ru)\"',
        '\"suffering, trial, worry, trouble, hardship, difficulty, toil\"', '\"suffer'),
       (448, '駆', 14, 7, 'ku', ' advance\"', '\"run, gallop', '\"ka(keru), ka(ru)\"'),
       (449, '具', 8, 3, 'gu', ' vessel', '\"tool', ' means'),
       (450, '惧', 11, 7, 'gu', '-', '\"fear, be overawed, be apprehensive\"', '-'),
       (451, '愚', 13, 7, 'gu', ' fool\"', '\"folly, foolishness, absurdity', 'oro(ka)'),
       (452, '空', 8, 1, 'kuu', ' emptiness', '\"air, sky', ' vanity, unreality'),
       (453, '偶', 11, 7, 'guu', ' couple, man and wife', '\"even number', ' friend'),
       (454, '遇', 12, 7, 'guu', '-', '\"treat, entertain, receive, deal with\"', '-'),
       (455, '隅', 12, 7, 'guu', 'sumi', 'corner', '\"corner, nook\"'),
       (456, '串', 7, 7, '-', 'kushi', '-', '\"spit, sekwer\"'),
       (457, '屈', 8, 7, 'kutsu', ' give in, submit to, yield to', '\"bend, bend over', ' flinch\"'),
       (458, '掘', 11, 7, 'kutsu', ' core', '\"dig, delve', ' excavate'),
       (459, '窟', 13, 7, 'kutsu', '-', 'cavern', '-'),
       (460, '熊', 14, 7, '-', 'kuma', '-', 'bear'),
       (461, '繰', 19, 7, '-', 'ku(ru)', '-', '\"reel (thread)'),
       (462, '君', 7, 3, 'kun', 'kimi', '\"mister (familiar)\"', '\"you (familiar)'),
       (463, '訓', 10, 4, 'kun', ' explanation of a character', '\"Japanese reading (of a character)', ' lesson'),
       (464, '勲', 15, 7, 'kun', '-', '\"merit, order of merit\"', '-'),
       (465, '薫', 16, 7, 'kun', 'kao(ru)', '\"send forth fragrance, be scented, impregnate with\"',
        '\"smell, be fragrant\"'),
       (466, '軍', 9, 4, 'gun', '-', '\"army, force, troops\"', '-'),
       (467, '郡', 10, 4, 'gun', '-', '\"county, district\"', '-'),
       (468, '群', 13, 5, 'gun', ' common run\"', '\"group, crowd, gang, herd, swarm, flock',
        '\"mu(reru), mu(re), [mura]\"'),
       (469, '兄', 5, 2, '\"kei, [kyoo]\"', ' you', '\"brother', ' elder brother\"'),
       (470, '刑', 6, 7, 'kei', '-', '\"penalty, sentence, punishment\"', '-'),
       (471, '形', 7, 2, '\"kei, 	gyoo\"', '\"kata, katachi\"', 'shape', '\"shape, form, make, size, format, mark'),
       (472, '系', 7, 6, 'kei', ' lineage', '\"system', ' faction, group'),
       (473, '径', 8, 4, 'kei', ' diameter', '\"path', ' method\"'),
       (474, '茎', 8, 7, 'kei', 'kuki', '\"stem, stalk\"', '\"stem, stalk\"'),
       (475, '係', 9, 3, 'kei', ' person in charge\"', '\"duty', '\"kaka(ru), kakari\"'),
       (476, '型', 9, 4, 'kei', ' style, type, pattern, make', '\"model, mold, matrix, impression', ' set form'),
       (477, '契', 9, 7, 'kei', 'chigi(ru)', '\"pledge, vow, swear, promise\"', '\"pledge, vow, swear, promise\"'),
       (478, '計', 9, 2, 'kei', ' total', '\"plan, scheme, trick', ' meter, gauge \"'),
       (479, '恵', 10, 7, '\"kei, 	e\"', ' kindness, mercy, benevolence, charity\"', '\"blessing, grace, favor',
        'megu(mu)'),
       (480, '啓', 11, 7, 'kei', '-', '\"open, say\"', '-'),
       (481, '掲', 11, 7, 'kei', ' publish, insert', '\"put up, hang out, hoist, display', ' describe'),
       (482, '渓', 11, 7, 'kei', '-', 'valley', '-'),
       (483, '経', 11, 5, '\"kei, 	kyoo\"', ' sutra', '\"longitude', ' warp\"'),
       (484, '蛍', 11, 7, 'kei', 'hotaru', 'firefly', 'firefly'),
       (485, '敬', 12, 6, 'kei', 'uyama(u)', '\"respect, honor, revere\"', '\"respect, honor, revere, venerate\"'),
       (486, '景', 12, 4, 'kei', '-', '\"view, scene\"', '-'),
       (487, '軽', 12, 3, 'kei', ' trifling, unimportant', '\"light', ' simple, easy'),
       (488, '傾', 13, 7, 'kei', '\"katamu(ku), katamu(keru)\"', '\"lean, incline, tilt, list, tip, careen, lurch\"',
        '\"incline toward, tilt, slant, slope, lurch, heel over'),
       (489, '携', 13, 7, 'kei', ' be armed with', '\"carry (in the hand)', ' carry along, bring (someone) along\"'),
       (490, '継', 13, 7, 'kei', ' follow', '\"succeed to, inherit', ' patch'),
       (491, '詣', 13, 7, 'kei', 'mou(deru)', '\"visit a temple or shrine\"', '\"go'),
       (492, '慶', 15, 7, 'kei', '-', 'congratulate', '-'),
       (493, '憬', 15, 7, 'kei', '-', '\"long for\"', '-'),
       (494, '稽', 15, 7, 'kei', ' quarrel\"', '\"think, consider', '-'),
       (495, '憩', 16, 7, 'kei', '\"iko(i), iko(u)\"', '\"rest, relax, repose\"', '\"rest, relax, repose\"'),
       (496, '警', 19, 6, 'kei', '-', '\"admonish, warn, prohibit\"', '-'),
       (497, '鶏', 19, 7, 'kei', 'niwatori', 'chicken', 'chicken'),
       (498, '芸', 7, 4, 'gei', ' artistic accomplishment', '\"art, craft', ' performance, acting'),
       (499, '迎', 7, 7, 'gei', ' invite, engage\"', '\"meet, greet, welcome', 'muka(eru)'),
       (500, '鯨', 19, 7, 'gei', 'kujira', 'whale', 'whale'),
       (501, '隙', 13, 7, 'geki', ' discord', '\"crevice, fissure, chink', ' opportunity\"'),
       (502, '劇', 15, 6, 'geki', '-', '\"drama, play\"', '-'),
       (503, '撃', 15, 7, 'geki', 'u(tsu)', '\"attack, defeat, destroy, conquer\"',
        '\"strike, hit, beat, knock, slap, punch, thrash, smite'),
       (504, '激', 16, 6, 'geki', ' urge, encourage, incite\"',
        '\"get excited, be agitated, be enraged, be exasperated, chafe', 'hage(shii)'),
       (505, '桁', 10, 7, '-', 'keta', '-', '\"beam, girder'),
       (506, '欠', 4, 4, 'ketsu', '\"ka(keru), ka(ku)\"', '\"lack, gap\"', '\"lack'),
       (507, '穴', 5, 6, 'ketsu', ' gap, stop (of musical instrument)', '\"hole, aperture, slit', ' eyelet'),
       (508, '血', 6, 3, 'ketsu', 'chi', 'blood', '\"blood, consanguinity\"'),
       (509, '決', 7, 3, 'ketsu', '\"ki(meru), ki(maru)\"', '\"decision, vote\"', '\"fix, decide, agree upon'),
       (510, '結', 12, 4, 'ketsu', ' tie a knot', '\"tie, bind', ' make (contracts, treaties, and friendships)'),
       (511, '傑', 13, 7, 'ketsu', '-', 'excellent', '-'),
       (512, '潔', 15, 5, 'ketsu', ' manly, gallant, sportsmanlike\"', '\"pure, clean, righteous', 'isagiyo(i)'),
       (513, '月', 4, 1, 'Getsu, Gatsu', 'Tsuki', 'Mois, lune', 'Month, moon'),
       (514, '犬', 4, 1, 'ken', 'inu', 'dog', '\"dog, spy\"'),
       (515, '件', 6, 5, 'ken', '-', '\"matter, case, item\"', '-'),
       (516, '見', 7, 1, 'ken', ' ideas, opinion\"', '\"hopes, chances', '\"mi(ru), mi(eru), mi(seru)\"'),
       (517, '券', 8, 5, 'ken', '-', '\"ticket, coupon, bond, certificate\"', '-'),
       (518, '肩', 8, 7, 'ken', 'kata', 'shoulder', 'shoulder'),
       (519, '建', 9, 4, '\"ken, [kon]\"', '\"ta(teru), ta(tsu)\"', '\"build, raise\"', '\"stand, rise'),
       (520, '研', 9, 3, 'ken', ' wash (rice)\"', '\"sharpen, grind, scour, hone, polish', 'to(gu)'),
       (521, '県', 9, 3, 'ken', ' district (in China)\"', '\"prefecture', '-'),
       (522, '倹', 10, 7, 'ken', '-', 'economy', '-'),
       (523, '兼', 10, 7, 'ken', 'ka(neru)', '\"and, in addition, concurrently\"', '\"combine with, serve as both'),
       (524, '剣', 10, 7, 'ken', ' sting', '\"sword, saber, blade, bayonet', ' clock hand\"'),
       (525, '拳', 10, 7, 'ken', 'kobushi', 'fist', 'fist'),
       (526, '軒', 10, 7, 'ken', 'noki', '\"house counter\"', 'eaves'),
       (527, '健', 11, 4, 'ken', ' stick-to-itiveness\"', '\"health, strength', 'suko(yaka)'),
       (528, '険', 11, 5, 'ken', ' steep place', '\"inaccessible place, impregnable pass, strategic position',
        ' sharp (eyes)'),
       (529, '圏', 12, 7, 'ken', '-', '\"sphere, circle, range, radius\"', '-'),
       (530, '堅', 12, 7, 'ken', ' tough, rigid', '\"hard, solid', ' tight'),
       (531, '検', 12, 5, 'ken', '-', 'investigation', '-'),
       (532, '嫌', 13, 7, '\"ken, [gen]\"', ' be unwilling (to do something), \"', '\"dislike, hate',
        '\"kira(u), iya\"'),
       (533, '献', 13, 7, '\"ken, [kon]\"', '-', '\"counter for drinks\"', '-'),
       (534, '絹', 13, 6, 'ken', 'kinu', '\"silk, silk thread\"', '\"silk, silk thread\"'),
       (535, '遣', 13, 7, 'ken', ' give, donate, bestow on', '\"send, dispatch', ' do for (someone)\"'),
       (536, '権', 15, 6, '\"ken, [gon]\"', '-', '\"authority, power, rights, concession\"', '-'),
       (537, '憲', 16, 6, 'ken', '-', 'law', '-'),
       (538, '賢', 16, 7, 'ken', 'kashiko(i)', '\"wisdom, cleverness\"', '\"wise, intelligent\"'),
       (539, '謙', 17, 7, 'ken', '-', '\"humble oneself, condescend, be modest\"', '-'),
       (540, '鍵', 17, 7, 'ken', 'kagi', '(piano)key', 'key'),
       (541, '繭', 18, 7, 'ken', 'mayu', 'cocoon', 'cocoon'),
       (542, '顕', 18, 7, 'ken', ' be revealed, be discovered', '\"appear, emerge, come in sight, show up',
        ' be mentioned'),
       (543, '験', 18, 4, '\"ken, [gen]\"', ' testing. beneficial effect (of austerities)\"', '\"effect', '-'),
       (544, '懸', 20, 7, '\"ken, [ke]\"', ' set up (a ladder)', '\"hang', ' cover'),
       (545, '元', 4, 2, '\"gen, 	gan\"', ' origin', '\"yuan', ' New Year’s Day'),
       (546, '幻', 4, 7, 'gen', ' illusion, apparition\"', '\"vision, dream', 'maboroshi'),
       (547, '玄', 5, 7, 'gen', '-', '\"occultness, mystery, black\"', '-'),
       (548, '言', 7, 2, '\"gen, 	gon\"', ' phrase', '\"word', ' speech'),
       (549, '弦', 8, 7, 'gen', ' chord (in geometry)', '\"bowstring', ' hypotenuse'),
       (550, '限', 9, 5, 'gen', 'kagi(ru)', '\"limit, restrict, confine\"', '\"limit, restrict, confine\"'),
       (551, '原', 10, 2, 'gen', 'hara', '\"original, primitive\"',
        '\"field, plain, prairie, tundra, moor, wilderness\"'),
       (552, '現', 11, 5, 'gen', '\"arawa(reru), arawa(su)\"', '\"present, exciting, actual\"',
        '\"appear, emerge, come in sight, show up'),
       (553, '舷', 11, 7, 'gen', '-', 'gunwale', '-'),
       (554, '減', 12, 5, 'gen', '\"he(ru), he(rasu)\"', '\"decrease, decline\"', '\"decrease, dwindle, subside'),
       (555, '源', 13, 6, 'gen', 'minamoto', '\"source, origin\"', '\"source, origin\"'),
       (556, '厳', 17, 6, '\"gen, [gon]\"', '\"ogoso(ka), kibi(shii)\"', '\"strictness, severity\"',
        '\"austere, majestic, severe, strict\"'),
       (557, '己', 3, 6, '\"ko, 	ki\"', 'onore', 'sixth', '\"oneself, myself, yourself\"'),
       (558, '戸', 4, 2, 'ko', ' door', '\"house', ' family'),
       (559, '古', 5, 2, 'Ko', 'Furu.i, furu-, furu.su', 'Vieux, ancien', 'Old, ancient'),
       (560, '呼', 8, 6, 'ko', ' invoke', '\"call, call out to', ' summon'),
       (561, '固', 8, 4, 'ko', ' get together',
        '\"harden, stiffen, solidify, set, settle, congeal, clot, curdle, conglomerate', ' be devoted to'),
       (562, '股', 8, 7, 'ko', ' yarn', '\"thigh, crotch', ' strand'),
       (563, '虎', 8, 7, 'ko', 'tora', '\"tiger, drunkard\"', '\"tiger, drunkard\"'),
       (564, '孤', 9, 7, 'ko', '-', 'orphan', '-'),
       (565, '弧', 9, 7, 'ko', ' arch', '\"arc', ' bow\"'),
       (566, '故', 9, 5, 'ko', ' circumstances\"', '\"reason, cause', 'yue'),
       (567, '枯', 9, 7, 'ko', ' age', '\"wither, die, be dead', ' be seasoned'),
       (568, '個', 10, 5, 'ko', ' article counter\"', '\"individual', '-'),
       (569, '庫', 10, 3, '\"ko, [ku]\"', '-', 'storehouse', '-'),
       (570, '湖', 12, 3, 'ko', 'mizuumi', 'lake', 'lake'),
       (571, '雇', 12, 7, 'ko', 'yato(u)', '\"employ, hire\"', '\"employ, hire\"'),
       (572, '誇', 13, 7, 'ko', 'hoko(ru)', '\"boast of, be proud of\"', '\"boast of, be proud of\"'),
       (573, '鼓', 13, 7, 'ko', 'tsuzumi', 'drum', 'drum'),
       (574, '錮', 16, 7, 'ko', '-', '\"to tie\"', '-'),
       (575, '顧', 21, 7, 'ko', ' turn around, look back upon, review', '\"look back', ' examine oneself'),
       (576, '五', 4, 1, 'go', '\"itsu, itsu(tsu)\"', 'five', '\"five'),
       (577, '互', 4, 7, 'go', 'taga(i)', '\"mutually, reciprocally, together\"',
        '\"mutually, reciprocally, together\"'),
       (578, '午', 4, 2, 'go', ' 7th zodiac sign\"', '\"11 a.m.-1 p.m.', '-'),
       (579, '呉', 7, 7, 'go', ' do (something) for\"', '\"give', '-'),
       (580, '後', 9, 2, 'Go, kou', 'Nochi, ato, ushi.ro, ushi.ro-, oku.reru', 'Après, derrière, plus tard',
        'Behind, back, later'),
       (581, '娯', 10, 7, 'go', '-', 'pleasure', '-'),
       (582, '悟', 10, 7, 'go', ' attain enlightenment, find one\'s philosophy\"',
        '\"perceive, discern, realize, understand, comprehend', 'sato(ru)'),
       (583, '碁', 13, 7, 'go', '-', '\"Japanese checkers\"', '-'),
       (584, '語', 14, 2, 'go', '\"kata(ru), kata(rau)\"', '\"word, speech, language, term\"',
        '\"talk, tell, narrate, recite. chat'),
       (585, '誤', 14, 6, 'go', ' do wrong, mislead\"', '\"err, be mistaken', 'ayama(ru)'),
       (586, '護', 20, 5, 'go', ' keep, observe, obey', '\"defend, protect', ' abide by'),
       (587, '口', 3, 1, '\"koo, 	ku\"', 'kuchi', 'mouth', '\"mouth, lips'),
       (588, '工', 3, 2, '\"koo, 	ku\"', ' manufacture', '\"artisan, mechanic', ' work\"'),
       (589, '公', 4, 2, 'koo', ' public\"', '\"public, duke, lord', 'ooyake'),
       (590, '勾', 4, 7, 'koo', '-', '\"to bent\"', '-'),
       (591, '孔', 4, 7, 'koo', ' gap, stop (of musical instrument)', '\"hole, aperture, slit', ' eyelet'),
       (592, '功', 5, 4, '\"koo, [ku]\"', ' success', '\"merits, meritorious deeds', ' credit, honor'),
       (593, '巧', 5, 7, 'koo', 'taku(mi)', 'skilled', '\"skill, ingenuity\"'),
       (594, '広', 5, 2, 'koo', '\"hiro(i), hiro(maru), hiro(meru), hiro(garu), hiro(geru)\"',
        '\"spread out, extend, reach to\"', '\"spread out, extend, reach to. expand, enlarge, widen'),
       (595, '甲', 5, 7, '\"koo, 	kan\"', ' instep', '\"high (voice). first class； former； back (of the hand)',
        ' armor'),
       (596, '交', 6, 2, 'koo', ' change of seasons\"', '\"coming and going, association',
        '\"maji(waru), maji(eru), maji(ru), ma(zaru), ma(zeru), ka(u), ka(wasu)\"'),
       (597, '光', 6, 2, 'koo', '\"hika(ru), hikari\"', 'light',
        '\"shine, glitter, sparkle, twinkle, flash. light, beam, glare, gleam, glimmer, glow, brightness, radiance, glitter, luster'),
       (598, '向', 6, 3, 'koo', ' oppose, defy', '\"face, confront', ' proceed to'),
       (599, '后', 6, 6, 'koo', ' behind', '\"after', ' back'),
       (600, '好', 6, 4, 'koo', '\"kono(mu), su(ku)\"', '\"like, be fond of\"', '\"like, be fond of. Love\"'),
       (601, '江', 6, 7, 'koo', 'e', '\"inlet, bay\"', '\"inlet, bay\"'),
       (602, '考', 6, 2, 'koo', ' research, treatise \"', '\"thought, consideration', 'kanga(eru)'),
       (603, '行', 6, 2, '\"koo, 	gyoo, [an]\"', ' journey', '\"party, suite', ' expedition'),
       (604, '坑', 7, 7, 'koo', '-', '\"pit, hole\"', '-'),
       (605, '孝', 7, 6, 'koo', '-', '\"filial piety\"', '-'),
       (606, '抗', 7, 7, 'koo', '-', '\"resist, defy, oppose, antagonize\"', '-'),
       (607, '攻', 7, 7, 'koo', 'se(meru)', '\"attack, assault\"', '\"attack, offensive\"'),
       (608, '更', 7, 7, 'koo', '\"sara, fu(keru), fu(kasu)\"', '\"a watch of the night\"', '\"sit up late. get late'),
       (609, '効', 8, 5, 'koo', ' efficiency', '\"efficacy, benefit', ' effect, result'),
       (610, '幸', 8, 3, 'koo', '\"saiwa(i), sachi, shiawa(se)\"', '\"happiness, fortune\"', '\"happiness'),
       (611, '拘', 8, 7, 'koo', '-', '\"seize, arrest\"', '-'),
       (612, '肯', 8, 7, 'koo', '-', '\"agree to, consent, comply with, undertake\"', '-'),
       (613, '侯', 9, 7, 'koo', ' load, daimyo\"', '\"marquis', '-'),
       (614, '厚', 9, 5, 'koo', ' heavy\"', '\"very thick', 'atsu(i)'),
       (615, '恒', 9, 7, 'koo', '-', 'always', '-'),
       (616, '洪', 9, 7, 'koo', '-', '\"flood, vast\"', '-'),
       (617, '皇', 9, 6, '\"koo, 	oo\"', '-', 'emperor', '-'),
       (618, '紅', 9, 6, '\"koo, [ku]\"', '\"beni, kurenai\"', '\"red, crimson\"', '\"red, crimson'),
       (619, '荒', 9, 7, 'koo', '\"ara(i), a(reru), a(rasu)\"', '\"rough, rude, wild, harsh, violent, gruff, fierce \"',
        '\"rough, rude, wild, harsh, violent, gruff, fierce. be ruined, become stormy'),
       (620, '郊', 9, 7, 'koo', ' rural area\"', '\"suburbs', '-'),
       (621, '香', 9, 7, '\"koo, [kyoo]\"', '\"ka, kao(ri), kao(ru)\"', '\"incense, fragrance \"',
        '\"smell, scent, odor'),
       (622, '候', 10, 4, 'koo', 'sooroo', '\"season, weather\"',
        '\"classical verbal ending equivalent to colloquial\"'),
       (623, '校', 10, 1, 'Kou', '', 'École, examen, correction', 'School, exam, correction');
insert into kanji (id, kanji, lignes, grade, on_yomi, kun_yomi, sens, sens_en)
values (624, '耕', 10, 5, 'koo', 'tagaya(su)', '\"plow, cultivate\"', '\"plow, cultivate\"'),
       (625, '航', 10, 4, 'koo', ' cross over\"', '\"navigation', '-'),
       (626, '貢', 10, 7, '\"koo, [ku]\"', 'mitsu(gu)', 'tribute', '\"support, finance\"'),
       (627, '降', 10, 6, 'koo', ' surrender\"', '\"going down', '\"o(riru), o(rosu), fu(ru)\"'),
       (628, '高', 10, 2, 'koo', '\"taka(i), taka, taka(maru), taka(meru)\"', 'high',
        '\"high, tall, lofty, raised, elevated, eminent'),
       (629, '康', 11, 4, 'koo', '-', 'peace', '-'),
       (630, '控', 11, 7, 'koo', ' hold back, suspend (judgment)', '\"draw in', ' refrain from'),
       (631, '梗', 11, 7, 'koo', ' close up\"', '\"for the most part', '-'),
       (632, '黄', 11, 2, '\"koo, 	oo\"', '\"ki, [ko]\"', 'yellow', '\"yellow. turn yellow. yellow tint\"'),
       (633, '喉', 12, 7, 'koo', 'nodo', '\"throat, voice\"', '\"throat, voice\"'),
       (634, '慌', 12, 7, 'koo', '\"awa(teru), awa(tadashii)\"',
        '\"be confused, lose one\'s head, be hurried, be hasty\"',
        '\"be confused, lose one\'s head, be hurried, be hasty, busy, bustling, confused\"'),
       (635, '港', 12, 3, 'koo', 'minato', '\"port, harbor\"', '\"port, harbor\"'),
       (636, '硬', 12, 7, 'koo', ' tough, rigid', '\"hard, solid', ' tight'),
       (637, '絞', 12, 7, 'koo', '\"shibo(ru), shi(meru), shi(maru)\"', '\"strangle, constrict, wring\"',
        '\"strangle, constrict, wring. squeeze, press, extract'),
       (638, '項', 12, 7, 'koo', ' item', '\"clause, paragraph', ' term (in math)'),
       (639, '溝', 13, 7, 'koo', 'mizo', '\"ditch, gutter, sewer, drain \"', '\"ditch, gutter, drain'),
       (640, '鉱', 13, 5, 'koo', '-', 'ore', '-'),
       (641, '構', 14, 5, 'koo', ' keep house', '\"build', ' take a posture'),
       (642, '綱', 14, 7, 'koo', 'tsuna', '\"class (in zoology)\"', '\"rope, cord, string, line, hawser, cable'),
       (643, '酵', 14, 7, 'koo', '-', 'fermentation', '-'),
       (644, '稿', 15, 7, 'koo', ' crest (of waves)\"', '\"copy, manuscript, draft', '-'),
       (645, '興', 16, 5, '\"koo, 	kyoo\"', '\"oko(ru), oko(su)\"', '\"interest, entertainment, pleasure \"',
        '\"rise, flourish. revive, retrieve (fortunes), raise up \"'),
       (646, '衡', 16, 7, 'koo', ' scales\"', '\"measuring rod', '-'),
       (647, '鋼', 16, 6, 'koo', 'hagane', 'steel', 'steel'),
       (648, '講', 17, 5, 'koo', '-', '\"lecture, club, association \"', '-'),
       (649, '購', 17, 7, 'koo', '-', 'buy', '-'),
       (650, '乞', 3, 7, '-', 'ko(u)', '-', '\"ask, request'),
       (651, '号', 5, 3, 'goo', ' item, title, pseudonym', '\"number', ' Buddhist name \"'),
       (652, '合', 6, 2, '\"goo, gaQ, [kaQ]\"', '\"a(u), a(wasu), a(waseru)\"', 'one-tenth', '\"fit, suit'),
       (653, '拷', 9, 7, 'goo', '-', '\"beat, torture\"', '-'),
       (654, '剛', 10, 7, 'goo', '-', 'strength', '-'),
       (655, '傲', 13, 7, 'goo', '-', '\"be proud\"', '-'),
       (656, '豪', 14, 7, 'goo', '-', '\"great, powerful, excelling\"', '-'),
       (657, '克', 7, 7, 'koku', ' prevail, predominate, surpass \"', '\"win', '-'),
       (658, '告', 7, 4, 'koku', ' bid, order \"', '\"tell, inform, announce, proclaim', 'tsu(geru)'),
       (659, '谷', 7, 2, 'koku', ' trough (of a wave)', '\"valley, dale, ravine',
        ' trough (in atmospheric pressure) \"'),
       (660, '刻', 8, 6, 'koku', ' carving, engraving, cutting \"', '\"time', 'kiza(mu)'),
       (661, '国', 8, 2, 'koku', 'kuni', 'country', '\"country, land, realm'),
       (662, '黒', 11, 2, 'koku', ' dark\"', '\"black', '\"kuro, kuro(i)\"'),
       (663, '穀', 14, 6, 'koku', '-', '\"cereals, grain\"', '-'),
       (664, '酷', 14, 7, 'koku', '-', '\"severity, cruelty\"', '-'),
       (665, '獄', 14, 7, 'goku', '-', '\"prison, jail\"', '-'),
       (666, '骨', 10, 6, 'kotsu', ' remains', '\"bone', ' knack\"'),
       (667, '駒', 15, 7, '-', 'koma', '-', '\"horse'),
       (668, '込', 5, 7, '-', '\"ko(mu), ko(meru)\"', '-', '\"be crowded'),
       (669, '頃', 11, 7, '-', 'koro', '-', '\"time, period. about (regarding time)\"'),
       (670, '今', 4, 2, '\"kon, 	kin\"', ' the coming', '\"now, the present', ' this \"'),
       (671, '困', 7, 6, 'kon', 'koma(ru)',
        '\"be distressed be in trouble, be destitute, be embarrassed, be perplexed, be annoyed \"',
        '\"be distressed be in trouble, be destitute, be embarrassed, be perplexed, be annoyed \"'),
       (672, '昆', 8, 7, 'kon', '-', '\"descendants, elder brother\"', '-'),
       (673, '恨', 9, 7, 'kon', '\"ura(mu), ura(meshii)\"', '\"bear a grudge, show resentment\"',
        '\"bear a grudge, show resentment, hateful, bitter\"'),
       (674, '根', 10, 3, 'kon', ' root, radical (in science and math)', '\"root (of a plant)', ' stamina \"'),
       (675, '婚', 11, 7, 'kon', '-', 'marriage', '-'),
       (676, '混', 11, 5, 'kon', ' blend', '\"mix', ' adulterate'),
       (677, '痕', 11, 7, 'kon', ' footprint\"', '\"mark', 'ato'),
       (678, '紺', 11, 7, 'kon', '-', '\"dark blue, navy blue\"', '-'),
       (679, '魂', 14, 7, 'kon', 'tamashii', '\"soul, spirit\"', '\"soul, spirit\"'),
       (680, '墾', 16, 7, 'kon', '-', '\"open up farmland\"', '-'),
       (681, '懇', 17, 7, 'kon', 'nengo(ro)', '\"kind, courteous, hospitable, cordial\"',
        '\"kind, courteous, hospitable, cordial\"'),
       (682, '左', 5, 1, 'sa', ' the following\"', '\"left', 'hidari'),
       (683, '佐', 7, 7, 'sa', '-', 'help', '-'),
       (684, '沙', 7, 7, 'sa', '-', 'sand', '-'),
       (685, '査', 9, 5, 'sa', '-', 'investigate', '-'),
       (686, '砂', 9, 6, '\"sa, 	sha\"', 'suna', 'sand', 'sand'),
       (687, '唆', 10, 7, 'sa', ' instigate', '\"tempt, seduce', ' promote\"'),
       (688, '差', 10, 4, 'sa', ' discrepancy', '\"difference, variation', ' margin'),
       (689, '詐', 12, 7, 'sa', ' deceive', '\"lie, falsify', ' pretend'),
       (690, '鎖', 18, 7, 'sa', ' irons', '\"chain', ' connection\"'),
       (691, '座', 10, 6, 'za', ' throne', '\"seat, cushion', ' a gathering'),
       (692, '挫', 10, 7, 'za', ' frustrate', '\"crush, break, sprain, dislocate', ' unnerve'),
       (693, '才', 3, 2, 'sai', ' cubic foot', '\"ability, talent, aptitude, genius, acumen, intelligence, wit',
        ' year, age'),
       (694, '再', 6, 5, '\"sai, [sa]\"', 'futata(bi)', '\"again, twice\"', '\"again, twice\"'),
       (695, '災', 7, 5, 'sai', 'wazawa(i)', '\"calamity, misfortune, woe, evil, curse\"',
        '\"calamity, misfortune, woe, evil, curse\"'),
       (696, '妻', 8, 5, 'sai', 'tsuma', '\"(my) wife\"', '\"wife, spouse\"'),
       (697, '采', 8, 7, 'sai', ' form, appearance\"', '\"dice', '-'),
       (698, '砕', 9, 7, 'sai', ' pulverize', '\"break, smash, crush', ' tax (one\'s ingenuity)'),
       (699, '宰', 10, 7, 'sai', ' rule\"', '\"manager', '-'),
       (700, '栽', 10, 7, 'sai', '-', 'planting', '-'),
       (701, '彩', 11, 7, 'sai', 'irodo(ru)', '\"color, paint, make up\"', '\"color, paint, make up\"'),
       (702, '採', 11, 5, 'sai', ' fetch', '\"take, hold, seize, catch, capture', ' receive, procure, obtain'),
       (703, '済', 11, 6, 'sai', ' do without', '\"end', ' avoid'),
       (704, '祭', 11, 3, 'sai', ' celebrate', '\"offer prayers', ' deify'),
       (705, '斎', 11, 7, 'sai', ' room\"', '\"Buddhist food', '-'),
       (706, '細', 11, 2, 'sai', ' taper off\"', '\"get thin', '\"hoso(i), hoso(ru), koma(ka), koma(kai)\"'),
       (707, '菜', 11, 4, 'sai', ' greens', '\"side dish', ' vegetables\"'),
       (708, '最', 12, 4, 'sai', 'motto(mo)', 'most', 'most'),
       (709, '裁', 12, 6, 'sai', '\"ta(tsu), saba(ku)\"', 'judge', '\"judge. cut out (a suit)'),
       (710, '債', 13, 7, 'sai', '-', '\"debt, loan\"', '-'),
       (711, '催', 13, 7, 'sai', ' give (a dinner)', '\"hold (a meeting)', ' feel'),
       (712, '塞', 13, 7, '\"sai, soku\"', ' occupy\"', '\"close, shut, cover, block, wall up obstruct, fill',
        '\"fusa(gu), fusa(garu)\"'),
       (713, '歳', 13, 7, '\"sai, [sei]\"', ' time', '\"year, age', ' occasion'),
       (714, '載', 13, 7, 'sai', ' get up on', '\"ride, board, mount', ' spread (paints)'),
       (715, '際', 14, 5, 'sai', ' when \"', '\"time, occasion', 'kiwa'),
       (716, '埼', 11, 7, '-', '[sai]', '-', '\"cape, used for the name of prefecture, \'Saitama\'\"'),
       (717, '在', 6, 5, 'zai', 'a(ru)', '\"outskirts, suburbs, country \"', '\"there is, have, exist'),
       (718, '材', 7, 4, 'zai', ' timber, lumber, wood', '\"log', ' material'),
       (719, '剤', 10, 7, 'zai', '-', '\"medicine, drug, dose\"', '-'),
       (720, '財', 10, 5, '\"zai, [sai]\"', ' property\"', '\"money, wealth, assets', '-'),
       (721, '罪', 13, 5, 'zai', 'tsumi', '\"sin, crime, offense, guilt, blame, fault, misconduct \"',
        '\"sin, crime, offense, guilt, blame, fault, misconduct \"'),
       (722, '崎', 11, 7, '-', 'saki', '-', '\"cape, spit, promontory\"'),
       (723, '作', 7, 2, '\"saku, 	sa\"', ' tillage', '\"a work, a production', ' harvest'),
       (724, '削', 9, 7, 'saku', ' scrape off', '\"plane, sharpen, whittle, pare, shave (leather)', ' cross out'),
       (725, '昨', 9, 4, 'saku', ' yesterday, last (year)\"', '\"the past', '-'),
       (726, '柵', 9, 7, 'saku', '-', '\"stockade, fence, palisade\"', '-'),
       (727, '索', 10, 7, 'saku', '-', '\"rope, cord \"', '-'),
       (728, '策', 12, 6, 'saku', ' step, means', '\"plan, scheme, policy', ' whip\"'),
       (729, '酢', 12, 7, 'saku', 'su', 'vinegar', 'vinegar'),
       (730, '搾', 13, 7, 'saku', ' milk', '\"wring, squeeze, press, extract', ' close tight'),
       (731, '錯', 16, 7, 'saku', '-', '\"mix, be in discorder\"', '-'),
       (732, '咲', 9, 7, '-', 'sa(ku)', '-', '\"bloom, blossom\"'),
       (733, '冊', 5, 6, '\"satsu, 	saku\"', ' book counter \"', '\"volume, book, letter', '-'),
       (734, '札', 5, 4, 'satsu', 'fuda', '\"paper money, counter for bonds, etc\"', '\"tag, placard'),
       (735, '刷', 8, 4, 'satsu', 'su(ru)', 'print', 'print'),
       (736, '刹', 8, 7, '\"satsu, setsu\"', '-', 'temple', '-'),
       (737, '拶', 9, 7, 'satsu', '-', '\"be imminent\"', '-'),
       (738, '殺', 10, 4, '\"satsu, [sai], [setsu]\"', ' waste (money)', '\"kill, murder, butcher', ' suppress (anger)'),
       (739, '察', 14, 4, 'satsu', ' judge', '\"presume, surmise', ' realize, understand'),
       (740, '撮', 15, 7, 'satsu', ' hold in the fingers', '\"pick, pinch', ' summarize \"'),
       (741, '擦', 17, 7, 'satsu', '\"su(ru), su(reru)\"', '\"rub, scour, scrub, scratch, scrape, brush \"',
        '\"rub, chafe'),
       (742, '雑', 14, 5, '\"zatsu, 	zoo\"', ' miscellaneous\"', '\"miscellany', '-'),
       (743, '皿', 5, 3, '-', 'sara', '-', '\"dish'),
       (744, '三', 3, 1, 'san', '\"mi, mi(tsu), mit(tsu)\"', 'three', 'three'),
       (745, '山', 3, 1, 'san', 'yama', '\"mount, mountain\"', '\"mountain, hill, height, knoll'),
       (746, '参', 8, 4, 'san', ' going', '\"three', ' coming'),
       (747, '桟', 10, 7, 'san', ' shelf', '\"crosspiece, cleat, frame, door bolt', ' jetty'),
       (748, '蚕', 10, 6, 'san', 'kaiko', '\"silk worm\"', '\"silk worm\"'),
       (749, '惨', 11, 7, '\"san, 	zan\"', ' cruelty', '\"disaster', ' wretchedness\"'),
       (750, '産', 11, 4, 'san', ' product', '\"childbirth', ' native (of a place)'),
       (751, '傘', 12, 7, 'san', 'kasa', '\"umbrella, parasol\"', '\"umbrella, parasol\"'),
       (752, '散', 12, 4, 'san', ' spend, squander', '\"scatter, disperse', ' dispel, dissipate, chase away \"'),
       (753, '算', 14, 2, 'san', ' calculation', '\"divining (block)', ' number'),
       (754, '酸', 14, 5, 'san', ' bitterness\"', '\"acid', 'su(i)'),
       (755, '賛', 15, 5, 'san', ' title or brief inscription on picture', '\"praise', ' agreement\"'),
       (756, '残', 10, 4, 'zan', ' balance\"', '\"remainder', '\"noko(ru), noko(su)\"'),
       (757, '斬', 11, 7, 'zan', 'ki(ru)', 'beheading', '\"kill'),
       (758, '暫', 15, 7, 'zan', ' for a long time\"', '\"for a while, for a moment', '-'),
       (759, '士', 3, 4, 'shi', ' man, gentleman', '\"samurai', ' scholar\"'),
       (760, '子', 3, 1, '\"shi, 	su\"', ' child', '\"viscount, master', ' male'),
       (761, '支', 4, 5, 'shi', 'sasa(eru)', 'branch', '\"support, maintain, sustain, hold'),
       (762, '止', 4, 2, 'shi', ' cease, be interrupted, be discontinued', '\"stop, halt, stand still, pull up',
        ' be choked'),
       (763, '氏', 4, 4, 'shi', ' family, clan \"', '\"Mr.', 'uji'),
       (764, '仕', 5, 3, '\"shi, [ji]\"', ' civil service\"', '\"official', 'tsuka(eru)'),
       (765, '史', 5, 4, 'shi', ' historian', '\"history, chronicles', ' book\"'),
       (766, '司', 5, 4, 'shi', ' government office\"', '\"official', '-'),
       (767, '四', 5, 1, 'Shi', 'Yo.ttsu, yo-, yo.tsu-, yon-', 'Quatre', 'Four'),
       (768, '市', 5, 2, 'shi', ' market\"', '\"city, town', 'ichi'),
       (769, '矢', 5, 2, 'shi', 'ya', 'arrow', 'arrow'),
       (770, '旨', 6, 7, 'shi', 'mune', '\"relish, show a liking for \"', '\"purport'),
       (771, '死', 6, 3, 'shi', 'shi(nu)', 'death', 'die'),
       (772, '糸', 6, 1, 'shi', ' one ten-thousandth of a hair\"', '\"thread', 'ito'),
       (773, '至', 6, 6, 'shi', ' arrive, reach, attain', '\"go, proceed, come', ' result in, lead to \"'),
       (774, '伺', 7, 7, 'shi', ' ask, inquire, question', '\"visit', ' hear, be told'),
       (775, '志', 7, 5, 'shi', ' shilling', '\"record', ' will, intention, motive'),
       (776, '私', 7, 6, 'shi', ' private affairs\"', '\"I', '\"watakushi, watashi\"'),
       (777, '使', 8, 3, 'shi', ' messenger\"', '\"use', 'tsuka(u)'),
       (778, '刺', 8, 7, 'shi', '\"sa(su), sa(saru)\"', '\"calling card\"', '\"pierce, thrust, stab, prick'),
       (779, '始', 8, 3, 'shi', '\"haji(meru), haji(maru)\"', 'beginning', '\"begin, start, open'),
       (780, '姉', 8, 2, 'shi', 'ane', '\"elder sister\"', '\"elder sister\"'),
       (781, '枝', 8, 5, 'shi', 'eda', '\"branch, bow, twig, limb\"', '\"branch, bow, twig, limb\"'),
       (782, '祉', 8, 7, 'shi', '-', 'happiness', '-'),
       (783, '肢', 8, 7, 'shi', '-', '\"limbs, arms and legs\"', '-'),
       (784, '姿', 9, 6, 'shi', ' appearance, attire', '\"figure, form, shape', ' posture'),
       (785, '思', 9, 2, 'shi', ' consider, realize', '\"think, believe, judge, esteem', ' feel like'),
       (786, '指', 9, 3, 'shi', '\"yubi, sa(su)\"', 'finger', '\"point to, indicate'),
       (787, '施', 9, 7, '\"shi, 	se\"', ' conduct (educational work)', '\"give alms', ' carry out'),
       (788, '師', 10, 5, 'shi', ' exemplary person', '\"teacher, master', ' army'),
       (789, '恣', 10, 7, 'shi', '-', '\"self-indulgent, wayward, selfish, arbitrary\"', '-'),
       (790, '紙', 10, 2, 'shi', 'kami', 'paper', 'paper'),
       (791, '脂', 10, 7, 'shi', 'abura', '\"fat, rouge\"', '\"fat, grease, tallow, blubber, lard, suet\"'),
       (792, '視', 11, 6, 'shi', '-', '\"regard as\"', '-'),
       (793, '紫', 12, 7, 'shi', 'murasaki', '\"purple, violet\"', '\"purple, violet'),
       (794, '詞', 12, 6, 'shi', ' poetry\"', '\"words', '-'),
       (795, '歯', 12, 3, 'shi', ' age\"', '\"tooth', 'ha'),
       (796, '嗣', 13, 7, 'shi', '-', 'heir', '-'),
       (797, '試', 13, 4, 'shi', '\"kokoro(miru), tame(su)\"', 'testing', '\"try, attempt. experiment, test, sample \"'),
       (798, '詩', 13, 3, 'shi', '-', '\"poem, poetry\"', '-'),
       (799, '資', 13, 5, 'shi', ' materials', '\"resources, capital, funds', ' data'),
       (800, '飼', 13, 5, 'shi', 'ka(u)', '\"raising (animals)\"', '\"raise, keep, feed\"'),
       (801, '誌', 14, 6, 'shi', ' document', '\"records', ' magazine\"'),
       (802, '雌', 14, 7, 'shi', '\"me, mesu\"', 'female', 'female'),
       (803, '摯', 15, 7, 'shi', '-', '\"gift, seriousness\"', '-'),
       (804, '賜', 15, 7, 'shi', 'tamawa(ru)', '\"deign to, grant, give, bestow on, honor with \"',
        '\"deign to, grant, give, bestow on, honor with \"'),
       (805, '諮', 16, 7, 'shi', 'haka(ru)', '\"consult with\"', '\"consult with\"'),
       (806, '示', 5, 5, '\"ji, 	shi\"', 'shime(su)', 'indication',
        '\"show, indicate, point out, give (an example), signify, display, express\"'),
       (807, '字', 6, 1, 'ji', 'aza', '\"character, letter, word, handwriting\"', '\"section of a village\"'),
       (808, '寺', 6, 2, 'ji', 'tera', 'temple', 'temple'),
       (809, '次', 6, 3, '\"ji, 	shi\"', ' times', '\"order, sequence', ' next'),
       (810, '耳', 6, 1, 'ji', 'mimi', 'ear', '\"ear'),
       (811, '自', 6, 2, '\"ji, 	shi\"', 'mizuka(ra)', 'oneself', '\"oneself, personally\"'),
       (812, '似', 7, 5, 'ji', 'ni(ru)', 'resemble', 'resemble'),
       (813, '児', 7, 4, '\"ji, [ni]\"', '-', 'child', '-'),
       (814, '事', 8, 3, '\"ji, [zu]\"', 'koto', '\"thing, matter\"',
        '\"thing, matter, fact, circumstances, business, reason, experience\"'),
       (815, '侍', 8, 7, 'ji', 'samurai', '\"wait upon, serve\"', '\"warrior, samurai\"'),
       (816, '治', 8, 4, '\"chi, 	ji\"', ' government. cure, heal', '\"peace', ' rule'),
       (817, '持', 9, 3, 'ji', 'mo(tsu)', '\"hold, entertain, maintain, observe (principles)\"',
        '\"hold, take, have, possess'),
       (818, '時', 10, 2, 'ji', ' Buddhist sect originating in the thirteenth century \"', '\"hour, o\'clock, time',
        'toki'),
       (819, '滋', 12, 7, 'ji', ' be luxuriant', '\"more and more', ' planting'),
       (820, '慈', 13, 7, 'ji', ' pity\"', '\"love, be affectionate to', 'itsuku(shimu)'),
       (821, '辞', 13, 4, 'ji', ' sentence', '\"word, term, expression', ' an address\"'),
       (822, '磁', 14, 6, 'ji', ' porcelain\"', '\"magnetism', '-'),
       (823, '餌', 15, 7, 'ji', '\"esa, e\"', 'food', '\"feed, food'),
       (824, '璽', 19, 7, 'ji', '-', '\"emperor\'s seal\"', '-'),
       (825, '鹿', 11, 7, '-', '\"shika, [ka]\"', '-', 'deer'),
       (826, '式', 6, 3, 'shiki', ' method, system', '\"ceremony, rite, function', ' style, form, type, plan'),
       (827, '識', 19, 5, 'shiki', '-', '\"know, discriminate, write\"', '-'),
       (828, '軸', 12, 7, 'jiku', ' axle', '\"axis', ' spindle'),
       (829, '七', 2, 1, 'shichi', '\"nana, nana(tsu), [nano]\"', 'seven', 'seven'),
       (830, '叱', 5, 7, 'shitsu', 'shika(ru)', '\"scold, reprove\"', '\"scold, reprove\"'),
       (831, '失', 5, 4, 'shitsu', ' fault', '\"error', ' disadvantage'),
       (832, '室', 9, 2, 'shitsu', 'muro', '\"room, apartment, compartment, chamber\"', '\"greenhouse'),
       (833, '疾', 10, 7, 'shitsu', '-', '\"illness, disease\"', '-'),
       (834, '執', 11, 7, '\"shitsu, 	shuu\"', ' fetch', '\"take, hold, seize, catch, capture',
        ' receive, procure, obtain'),
       (835, '湿', 12, 7, 'shitsu', ' itch \"', '\"dampness, moisture', '\"shime(ru), shime(su)\"'),
       (836, '嫉', 13, 7, 'shitsu', '-', '\"be jealous, envy\"', '-'),
       (837, '漆', 14, 7, 'shitsu', 'urushi', '\"lacquer, varnish\"', '\"lacquer, varnish\"'),
       (838, '質', 15, 5, '\"shitsu, shichi, [chi]\"', '-',
        '\"substance, matter, quality, temperament. hostage, pawn, pledge, hock \"', '-'),
       (839, '実', 8, 3, 'jitsu', ' sincerity, fidelity', '\"truth, reality', ' kindness'),
       (840, '芝', 6, 7, '-', 'shiba', '-', '\"lawn, sod, turf\"'),
       (841, '写', 5, 3, 'sha', ' be projected (on a screen)', '\"be photographed', ' (light or shadows) fall on\"'),
       (842, '社', 7, 2, 'sha', ' association', '\"Shinto shrine', ' firm, company, office \"'),
       (843, '車', 7, 1, 'sha', 'kuruma', '\"vehicle, a vehicle load\"', '\"wheel'),
       (844, '舎', 8, 5, 'sha', ' hut, house, mansion\"', '\"inn', '-'),
       (845, '者', 8, 3, 'sha', ' thing\"', '\"person', 'mono'),
       (846, '射', 10, 6, 'sha', ' shooting\"', '\"archery', 'i(ru)'),
       (847, '捨', 11, 6, 'sha', ' renounce, relinquish', '\"throw away, discard, abandon, desert, give up', ' resign'),
       (848, '赦', 11, 7, 'sha', '-', 'forgiveness', '-'),
       (849, '斜', 11, 7, 'sha', 'nana(me)', '\"slanting, oblique\"', '\"slanting, diagonal, oblique, askew'),
       (850, '煮', 12, 7, 'sha', '\"ni(ru), ni(eru), ni(yasu)\"', '\"boil, cook, be cooked, be boiled \"',
        '\"boil, cook, be cooked, be boiled. boil, cook \"'),
       (851, '遮', 14, 7, 'sha', 'saegi(ru)', '\"interrupt, obstruct, intercept\"',
        '\"interrupt, obstruct, intercept\"'),
       (852, '謝', 17, 5, 'sha', ' apologize', '\"thank', ' decline, refuse'),
       (853, '邪', 8, 7, 'ja', '-', '\"injustice, unrighteousness, wickedness\"', '-'),
       (854, '蛇', 11, 7, '\"ja, 	da\"', ' hard drinker\"', '\"snake, serpent', 'hebi'),
       (855, '尺', 4, 6, 'shaku', ' rule', '\"Japanese foot', ' measure, scale'),
       (856, '借', 10, 4, 'shaku', 'ka(riru)', 'borrowing', '\"borrow'),
       (857, '酌', 10, 7, 'shaku', ' the server\"', '\"serving sake', 'ku(mu)'),
       (858, '釈', 11, 7, 'shaku', '-', 'explanation', '-'),
       (859, '爵', 17, 7, 'shaku', '-', '\"peerage, court rank\"', '-'),
       (860, '若', 8, 6, '\"jaku, [nyaku]\"', '\"waka(i), mo(shikuwa)\"', 'if', '\"young, juvenile, youthful'),
       (861, '弱', 10, 2, 'jaku', ' the weak\"', '\"weakness', '\"yowa(i), yowa(ru), yowa(maru), yowa(meru)\"'),
       (862, '寂', 11, 7, '\"jaku, [seki]\"', ' death of a priest\"', '\"quietly', '\"sabi, sabi(shii), sabi(reru)\"'),
       (863, '手', 4, 1, 'shu', ' help', '\"hand, arm', ' handwriting'),
       (864, '主', 5, 3, '\"shu, [su]\"', ' lord, master, employer', '\"Lord', ' aim'),
       (865, '守', 6, 3, '\"shu, [su]\"', ' keep, observe, obey', '\"defend, protect', ' abide by'),
       (866, '朱', 6, 7, 'shu', ' vermilion\"', '\"cinnabar', '-'),
       (867, '取', 8, 3, 'shu', ' fetch', '\"take, hold, seize, catch, capture', ' receive, procure, obtain'),
       (868, '狩', 9, 7, 'shu', '\"ka(ru), ka(ri)\"', 'hunt', '\"hunt. hunting'),
       (869, '首', 9, 2, 'shu', ' neck', '\"head', ' beginning, the first'),
       (870, '殊', 10, 7, 'shu', 'koto', '\"especially, exceptionally, above all \"',
        '\"especially, exceptionally, above all \"'),
       (871, '珠', 10, 7, 'shu', '-', '\"gem, jewel\"', '-'),
       (872, '酒', 10, 3, 'shu', '\"sake, [saka]\"', '\"sake, rice wine, alcoholic liquor\"',
        '\"sake, rice wine, alcoholic liquor\"'),
       (873, '腫', 13, 7, 'shu', '\"ha(reru), ha(rasu)\"', '\"tumor, swelling\"', '\"swell, become swollen'),
       (874, '種', 14, 4, 'shu', ' seed', '\"kind, class, variety', ' species\"'),
       (875, '趣', 15, 7, 'shu', ' become', '\"proceed to', ' tend toward\"'),
       (876, '寿', 7, 7, 'ju', ' one\'s natural life', '\"age', ' longevity'),
       (877, '受', 8, 3, 'ju', '\"u(keru), u(karu)\"', 'receive', '\"receive, accept, take, get, obtain'),
       (878, '呪', 8, 7, 'ju', 'noro(u)', '\"spell, curse, incantation\"', 'curse'),
       (879, '授', 11, 5, 'ju', '\"sazu(keru), sazu(karu)\"', '\"give, grant\"',
        '\"grant, confer, award, invest (with authority)'),
       (880, '需', 14, 7, 'ju', '-', '\"request, need\"', '-'),
       (881, '儒', 16, 7, 'ju', ' Confucianist', '\"Confucianism', ' Chinese scholar\"'),
       (882, '樹', 16, 6, 'ju', '-', '\"tree, wood\"', '-'),
       (883, '収', 4, 6, 'shuu', '\"osa(meru), osa(maru)\"', 'income', '\"obtain, reap'),
       (884, '囚', 5, 7, 'shuu', '-', '\"criminal, arrest\"', '-'),
       (885, '州', 6, 3, 'shuu', ' continent\"', '\"province, state', 'su'),
       (886, '舟', 6, 7, 'shuu', '\"fune, [funa]\"', 'boat', '\"boat, ship, vessel, steamer, liner, barge'),
       (887, '秀', 7, 7, 'shuu', ' beauty\"', '\"excellence', 'hii(deru)'),
       (888, '周', 8, 4, 'shuu', ' Chou (dynasty) \"', '\"circuit, lap, circumference, vicinity', 'mawa(ri)'),
       (889, '宗', 8, 6, '\"shuu, 	soo\"', '-', '\"religion, sect, denomination\"', '-'),
       (890, '拾', 9, 3, '\"shuu, 	juu\"', 'hiro(u)', 'ten', '\"pick up, gather'),
       (891, '秋', 9, 2, 'shuu', 'aki', 'autumn', 'autumn'),
       (892, '臭', 9, 7, 'shuu', '\"kusa(i), nio(u)\"', '\"odor, savor, fragrance \"', '\"ill-smelling'),
       (893, '修', 10, 5, '\"shuu, [shu]\"', '\"osa(meru), osa(maru)\"', '\"govern oneself, conduct oneself well\"',
        '\"govern oneself, conduct oneself well. study, complete (a course)'),
       (894, '袖', 10, 7, 'shuu', ' wing(of a building)', '\"sleeve, sleeve pocket', ' extension(of a table)\"'),
       (895, '終', 11, 3, 'shuu', '\"o(waru), o(eru)\"', 'end', '\"end, terminate, adjourn, be over'),
       (896, '羞', 11, 7, 'shuu', '-', '\"feel ashamed\"', '-'),
       (897, '習', 11, 3, 'shuu', 'nara(u)', '\"learn, be taught, take lessons, practice\"',
        '\"learn, be taught, take lessons, practice\"'),
       (898, '週', 11, 2, 'shuu', '-', 'week', '-'),
       (899, '就', 12, 6, '\"shuu, [ju]\"', ' take (a seat)', '\"settle in (place)', ' take (a position)'),
       (900, '衆', 12, 6, '\"shuu, [shu]\"', ' companions\"', '\"great numbers, multitude, populace', '-'),
       (901, '集', 12, 3, 'shuu', '\"atsu(maru), atsu(meru), tsudo(u)\"', '\"collection, gathering\"',
        '\"meet, assemble, congregate'),
       (902, '愁', 13, 7, 'shuu', '\"ure(eru), ure(i)\"', '\"grieve, lament, be anxious\"',
        '\"grieve, lament, be anxious. sad, unhappy, gloomy\"'),
       (903, '酬', 13, 7, 'shuu', '-', '\"reward, retribution\"', '-'),
       (904, '醜', 17, 7, 'shuu', ' uncleanness', '\"ugliness', ' shame\"'),
       (905, '蹴', 19, 7, 'shuu', 'ke(ru)', 'kick', 'kick'),
       (906, '襲', 22, 7, 'shuu', 'oso(u)', 'attack', '\"attack, advance on'),
       (907, '十', 2, 1, 'Juu, ju, ji', 'Too, to', 'Dix', 'Ten'),
       (908, '汁', 5, 7, 'juu', 'shiru', 'juice', '\"juice'),
       (909, '充', 6, 7, 'juu', 'a(teru)', 'fill', '\"apply, place, put, hit (the mark)'),
       (910, '住', 7, 3, 'juu', '\"su(mu), su(mau)\"', '\"dwelling, living\"', '\"live, reside, inhabit\"'),
       (911, '柔', 9, 7, '\"juu, 	nyuu\"', ' gentleness', '\"weakness', ' softness\"'),
       (912, '重', 9, 3, '\"juu, 	choo\"', '\"e, omo(i), kasa(neru), kasa(naru)\"', '\"nest of boxes\"',
        '\"pile up, heap up, add, repeat. be piled'),
       (913, '従', 10, 6, '\"juu, [shoo], [ju]\"', ' retainer',
        '\"secondary, incidental, subordinate, accessory, junior', ' follow \"'),
       (914, '渋', 11, 7, 'juu', ' have loose painful bowel movements \"', '\"hesitate, be reluctant',
        '\"shibu, shibu(i), shibu(ru)\"'),
       (915, '銃', 14, 7, 'juu', '-', '\"gun, arms\"', '-'),
       (916, '獣', 16, 7, 'juu', 'kemono', '\"animal, beast\"', '\"animal, beast\"'),
       (917, '縦', 16, 6, 'juu', 'tate', '\"length, height\"', '\"length, height, warp\"'),
       (918, '叔', 8, 7, 'shuku', ' youth\"', '\"uncle', '-'),
       (919, '祝', 9, 4, '\"shuku, [shuu]\"', 'iwa(u)', '\"celebration, congratulations, \"',
        '\"celebration, festival, congratulations \"'),
       (920, '宿', 11, 3, 'shuku', '\"yado, yado(ru), yado(su)\"', '\"lodging, inn, post town, relay station, stage \"',
        '\"lodge, dwell, live in'),
       (921, '淑', 11, 7, 'shuku', '-', '\"graceful, polite, gentle, pure\"', '-'),
       (922, '粛', 11, 7, 'shuku', '-', '\"quietly, softly, solemnly\"', '-'),
       (923, '縮', 17, 6, 'shuku', '\"chiji(mu), chiji(maru), chiji(meru), chiji(reru), chiji(rasu)\"',
        '\"shrink, contract, shrivel, wrinkle\"',
        '\"shrink, contract, shrivel, wrinkle. be shortened, be contracted, be reduced, be abridged'),
       (924, '塾', 14, 7, 'juku', ' boarding school', '\"private school', ' gate house\"'),
       (925, '熟', 15, 6, 'juku', ' acquire skill', '\"ripen, mellow, mature', ' be ripe for'),
       (926, '出', 5, 1, '\"shutsu, [sui]\"', ' appearing from', '\"born of', ' going out'),
       (927, '述', 8, 5, 'jutsu', 'no(beru)', '\"state, speak, relate\"', '\"state, speak, recite, relate, mention\"'),
       (928, '術', 11, 5, 'jutsu', ' means', '\"art, technique, skill', ' artifice, trick, stratagem'),
       (929, '俊', 9, 7, 'shun', '-', '\"excellence, genius\"', '-'),
       (930, '春', 9, 2, 'shun', 'haru', 'spring', '\"spring, springtime\"'),
       (931, '瞬', 18, 7, 'shun', 'matata(ku)', '\"wink, blink\"', '\"wink, twinkle, flicker\"'),
       (932, '旬', 6, 7, '\"jun, [shun]\"', '-', '\"ten-day period. season (for specific products)\"', '-'),
       (933, '巡', 6, 7, 'jun', ' circumference\"', '\"going around', 'megu(ru)'),
       (934, '盾', 9, 7, 'jun', ' pretext\"', '\"shield, buckler, escutcheon', 'tate'),
       (935, '准', 10, 7, 'jun', '-', '\"quasi-, semi-, associate\"', '-'),
       (936, '殉', 10, 7, 'jun', ' follow in resigning\"', '\"die a martyr, follow (someone) by committing suicide',
        '-'),
       (937, '純', 10, 6, 'jun', ' net (profit)\"', '\"purity, innocence', '-'),
       (938, '循', 12, 7, 'jun', '-', 'follow', '-'),
       (939, '順', 12, 4, 'jun', ' turn', '\"order', ' right'),
       (940, '準', 13, 5, 'jun', '-', '\"apply correspondingly, correspond to, be proportionate to, conform to \"', '-'),
       (941, '潤', 15, 7, 'jun', ' profit by, receive benefits, become rich \"', '\"be watered',
        '\"uruo(u), uruo(su), uru(mu)\"'),
       (942, '遵', 15, 7, 'jun', ' learn\"', '\"follow, obey', '-'),
       (943, '処', 5, 6, 'sho', ' sentence, condemn', '\"manage, deal with', ' act, behave'),
       (944, '初', 7, 4, 'sho', '\"haji(me), haji(mete), hatsu, ui, so(meru)\"', '\"beginning, first\"',
        '\"beginning, origin. including, and, as well as. (for) the first time'),
       (945, '所', 8, 3, 'sho', 'tokoro', 'place', '\"place, spot, scene, site, seat'),
       (946, '書', 10, 2, 'sho', ' letter, note', '\"handwriting', ' book\"'),
       (947, '庶', 11, 7, 'sho', ' illegitimate child\"', '\"all', '-'),
       (948, '暑', 12, 3, 'sho', 'atsu(i)', '\"summer heat\"', '\"hot, warm, sultry\"'),
       (949, '署', 13, 6, 'sho', '-', '\"government office, (police) station\"', '-'),
       (950, '緒', 14, 7, '\"sho, [cho]\"', ' end\"', '\"beginning, inception', 'o'),
       (951, '諸', 15, 6, 'sho', '-', '\"many, several, various, all\"', '-'),
       (952, '女', 3, 1, '\"jo, nyo, [nyoo]\"', '\"onna, me\"', '\"woman, girl, daughter\"',
        '\"woman, female, sweetheart, girl\"'),
       (953, '如', 6, 7, '\"jo, 	nyo\"', '-', '\"like, such as, as if\"', '-'),
       (954, '助', 7, 3, 'jo', '\"tasu(keru), tasu(karu), suke\"', '\"help, rescue\"',
        '\"be saved, be rescued, survive'),
       (955, '序', 7, 5, 'jo', ' preface', '\"beginning', ' order, precedence'),
       (956, '叙', 9, 7, 'jo', ' confer (a rank)', '\"relate, narrate, describe, write', ' write a preface\"'),
       (957, '徐', 10, 7, 'jo', '-', '\"slowly, deliberately, gently\"', '-'),
       (958, '除', 10, 6, '\"jo, [ji]\"', 'nozo(ku)', '\"division (in math)\"', '\"remove, abolish, cancel'),
       (959, '小', 3, 1, 'shoo', ' minor', '\"smallness', ' small. humility prefix, small \"'),
       (960, '升', 4, 7, 'shoo', 'masu', '\"1.8 liter\"', '\"a measuring box\"'),
       (961, '少', 4, 2, 'shoo', ' small', '\"few', ' young\"'),
       (962, '召', 5, 7, 'shoo', ' wear, put on', '\"call, send for', ' take (a bath)'),
       (963, '匠', 6, 7, 'shoo', ' means', '\"workman, artisan', ' idea\"'),
       (964, '床', 7, 7, 'shoo', '\"toko, yuka\"', '\"bed, floor\"', '\"bed'),
       (965, '抄', 7, 7, 'shoo', ' one tenth of a shaku(勺) \"', '\"selection, summary', '-'),
       (966, '肖', 7, 7, 'shoo', '-', 'resemble', '-'),
       (967, '尚', 8, 7, 'shoo', ' just like\"', '\"further, furthermore, still, still more, yet', '-'),
       (968, '招', 8, 5, 'shoo', ' engage (someone), call (a doctor)', '\"beckon to, invite, summon', ' incur, cause\"'),
       (969, '承', 8, 5, 'shoo', ' catch (a ball)', '\"receive, accept, take, get, obtain', ' stop (a blow), parry'),
       (970, '昇', 8, 7, 'shoo', ' go to (the capital)', '\"rise, ascend, go up, climb', ' add up to'),
       (971, '松', 8, 4, 'shoo', 'matsu', 'pine', 'pine'),
       (972, '沼', 8, 7, 'shoo', 'numa', '\"swamp, lake\"', '\"swamp, bog, pond, lake\"'),
       (973, '昭', 9, 3, 'shoo', '-', '\"clear, bright\"', '-'),
       (974, '宵', 10, 7, 'shoo', 'yoi', '\"evening, early night hours\"', '\"evening, early night hours\"'),
       (975, '将', 10, 6, 'shoo', '-', '\"commander, general, admiral\"', '-'),
       (976, '消', 10, 3, 'shoo', ' turn off, erase, cross out', '\"extinguish, blow out',
        ' neutralize (odors or poisons)'),
       (977, '症', 10, 7, 'shoo', ' condition of a patient', '\"illness', ' nature of a disease, symptoms\"'),
       (978, '祥', 10, 7, 'shoo', '-', 'happiness', '-'),
       (979, '称', 10, 7, 'shoo', ' fame', '\"name, title', ' praise\"'),
       (980, '笑', 10, 4, 'shoo', '\"wara(u), e(mu)\"', 'laughter', '\"laugh, smile'),
       (981, '唱', 11, 4, 'shoo', ' call upon', '\"recite, chant', ' cry, yell (banzai)'),
       (982, '商', 11, 3, 'shoo', 'akina(u)', '\"trade, merchant, quotient\"', '\"sell, handle, trade in \"'),
       (983, '渉', 11, 7, 'shoo', ' be imported', '\"cross, ford, ferry', ' change hands'),
       (984, '章', 11, 3, 'shoo', ' composition', '\"chapter', ' poem'),
       (985, '紹', 11, 7, 'shoo', '-', '\"inherit, help\"', '-'),
       (986, '訟', 11, 7, 'shoo', '-', 'accuse', '-'),
       (987, '勝', 12, 3, 'shoo', '\"ka(tsu), masa(ru)\"', '\"victory, beauty spot\"', '\"win'),
       (988, '掌', 12, 7, 'shoo', '-', '\"rule, administer, conduct\"', '-'),
       (989, '晶', 12, 7, 'shoo', '-', '\"clear, crystal\"', '-'),
       (990, '焼', 12, 4, 'shoo', '\"ya(ku), ya(keru)\"', 'burning', '\"set fire to, burn, fire'),
       (991, '焦', 12, 7, 'shoo', '\"ko(geru), ko(gasu), ko(gareru), ase(ru)\"', '\"burn, scorch, singe, char\"',
        '\"burn, scorch, singe, char. pine for. yearn for'),
       (992, '硝', 12, 7, 'shoo', '-', 'saltpeter', '-'),
       (993, '粧', 12, 7, 'shoo', '-', '\"adorn (one\'s person)\"', '-'),
       (994, '詔', 12, 7, 'shoo', 'mikotonori', '\"imperial edict\"', '\"imperial edict, decree\"'),
       (995, '証', 12, 5, 'shoo', ' certificate\"', '\"proof, evidence', '-'),
       (996, '象', 12, 4, '\"shoo, 	zoo\"', ' shape', '\"image', ' sign (of the times). elephant\"'),
       (997, '傷', 13, 6, 'shoo', '\"kizu, ita(mu), ita(meru)\"', '\"wound, injury\"', '\"wound, injury, hurt'),
       (998, '奨', 13, 7, 'shoo', '-', '\"urge, encourage\"', '-'),
       (999, '照', 13, 4, 'shoo', '\"te(ru), te(rasu), te(reru)\"', 'shine',
        '\"shine. shine on, shed light on, illuminate'),
       (1000, '詳', 13, 7, 'shoo', ' versed in, well-informed on\"', '\"full, detailed, minute, accurate', 'kuwa(shii)'),
       (1001, '彰', 14, 7, 'shoo', '-', 'clear', '-'),
       (1002, '障', 14, 6, 'shoo', ' affect, hurt, harm\"', '\"hinder, interfere with', 'sawa(ru)'),
       (1003, '憧', 15, 7, 'shoo', ' thirst for', '\"yearn after, long for', ' aspire to'),
       (1004, '衝', 15, 7, 'shoo', ' opposition (in astronomy)', '\"brunt', ' highway'),
       (1005, '賞', 15, 4, 'shoo', '-', '\"prize, reward, praise\"', '-'),
       (1006, '償', 17, 7, 'shoo', 'tsugu(nau)',
        '\"make up for, recompense, redeem (one\'s faults), compensate for, indemnify, atone for\"',
        '\"make up for, recompense, redeem (one\'s faults), compensate for, indemnify, atone for\"'),
       (1007, '礁', 17, 7, 'shoo', '-', '\"sunken rock\"', '-'),
       (1008, '鐘', 20, 7, 'shoo', 'kane', '\"bell, gong, chimes, carillon\"', '\"bell, gong, chimes, carillon\"'),
       (1009, '上', 3, 1, '\"joo, [shoo]\"', ' best', '\"top', ' first volume. upper part'),
       (1010, '丈', 3, 7, 'joo', ' length, measure', '\"10 feet', ' Mr. or Mrs. (re: artists)\"'),
       (1011, '冗', 4, 7, 'joo', '-', 'uselessness', '-'),
       (1012, '条', 7, 5, 'joo', ' line, stripe, streak', '\"article, clause, item', ' column (of smoke)'),
       (1013, '状', 7, 5, 'joo', ' form, appearances', '\"condition, circumstances', ' letter\"'),
       (1014, '乗', 9, 3, 'joo', ' multiplication', '\"power (in math)', ' record'),
       (1015, '城', 9, 6, 'joo', 'shiro', 'castle', '\"castle, citadel\"'),
       (1016, '浄', 9, 7, 'joo', ' pure, innocent, noble\"', '\"clean, clear', '-'),
       (1017, '剰', 11, 7, 'joo', '-', 'besides', '-'),
       (1018, '常', 11, 5, 'joo', ' one\'s habit\"', '\"normal conditions, regular course of events', '\"tsune, toko\"'),
       (1019, '情', 11, 5, '\"joo, [sei]\"', ' passion', '\"feeling, emotion', ' affection'),
       (1020, '場', 12, 2, 'joo', 'ba', '\"place, grounds, links, range, course, track, ring\"', '\"place, site'),
       (1021, '畳', 12, 7, 'joo', '\"tata(mu), tatami\"', '\"mat counter\"', '\"fold, fold up, furl, shut up, shut'),
       (1022, '蒸', 13, 6, 'joo', ' be close, be sultry', '\"steam, heat up (with steam)', ' foment, poultice \"'),
       (1023, '縄', 15, 7, 'joo', 'nawa', '\"rope, cord\"', '\"rope, cord\"'),
       (1024, '壌', 16, 7, 'joo', '-', '\"earth, soil\"', '-'),
       (1025, '嬢', 16, 7, 'joo', ' Miss.\"', '\"girl, daughter, young lady', '-'),
       (1026, '錠', 16, 7, 'joo', ' pill', '\"lock, padlock, latch', ' close up, counter for pills\"'),
       (1027, '譲', 20, 7, 'joo', ' sell, dispose of',
        '\"turn over, hand over, transfer, convey, assign, deed, bequeath, give away, give up', ' yield to'),
       (1028, '醸', 20, 7, 'joo', 'kamo(su)', '\"brew, cause, give rise to\"', '\"brew, cause, give rise to\"'),
       (1029, '色', 6, 2, '\"shoku, 	shiki\"', 'iro', 'color', '\"color, tint, tinge'),
       (1030, '拭', 9, 7, 'shoku', '\"fu(ku), nugu(u)\"', '\"wipe, mop, swab\"', '\"wipe, mop, swab\"'),
       (1031, '食', 9, 2, '\"shoku, [jiki]\"', ' eating, meal', '\"food, provisions', ' appetite\"'),
       (1032, '植', 12, 3, 'shoku', '\"u(eru), u(waru)\"', 'planting', '\"plant, set out, raise, sow'),
       (1033, '殖', 12, 7, 'shoku', '\"fu(eru), fu(yasu)\"', 'increase', '\"increase, multiply, accrue'),
       (1034, '飾', 13, 7, 'shoku', ' exhibit, be ostentatious', '\"ornament, decorate, adorn, embellish',
        ' whitewash\"'),
       (1035, '触', 13, 7, 'shoku', '\"fu(reru), sawa(ru)\"', 'touching', '\"touch, feel, hit, strike, graze'),
       (1036, '嘱', 15, 7, 'shoku', '-', 'requesting', '-'),
       (1037, '織', 18, 5, '\"shoku, 	shiki\"', 'o(ru)', 'weaveing', 'weave'),
       (1038, '職', 18, 5, 'shoku', '-', '\"employment, work, job, office\"', '-'),
       (1039, '辱', 10, 7, 'joku', ' rape, assault\"', '\"humiliate, put to shame, disgrace, insult', 'hazukashi(meru)'),
       (1040, '尻', 5, 7, '-', 'shiri', '-', '\"buttocks, hips'),
       (1041, '心', 4, 2, 'shin', ' motive, sense (of duty)', '\"heart, mind, spirit', ' padding'),
       (1042, '申', 5, 3, 'shin', ' say, tell, talk, speak, declare', '\"have the honor to', ' call, term, name\"'),
       (1043, '伸', 7, 7, 'shin', '\"no(biru), no(basu), no(beru)\"', 'stretching',
        '\"extend, lengthen, stretch, spread'),
       (1044, '臣', 7, 4, '\"shin, 	jin\"', '-', '\"retainer, subject\"', '-'),
       (1045, '芯', 7, 7, 'shin', '-', 'wick', '-'),
       (1046, '身', 7, 3, 'shin', ' person', '\"body', ' the quick'),
       (1047, '辛', 7, 7, 'shin', 'kara(i)', '\"H, eighth\"', '\"hot, acrid, sharp'),
       (1048, '侵', 9, 7, 'shin', ' violate, trespass, intrude on\"', '\"invate, raid', 'oka(su)'),
       (1049, '信', 9, 4, 'shin', ' faith, fidelity, sincerity', '\"truth', ' trust, confidence, reliance \"'),
       (1050, '津', 9, 7, 'shin', ' ferry\"', '\"port, harbor', 'tsu'),
       (1051, '神', 9, 3, '\"shin, 	jin\"', ' mind, soul\"', '\"god, deity', '\"kami, [kan], [koo]\"'),
       (1052, '唇', 10, 7, 'shin', 'kuchibiru', 'lip', 'lip'),
       (1053, '娠', 10, 7, 'shin', '-', 'pregnancy', '-'),
       (1054, '振', 10, 7, 'shin', ' sprinkle', '\"wave, wag, swing, shake', ' brandish'),
       (1055, '浸', 10, 7, 'shin', '\"hita(su), hita(ru)\"', '\"soak, dip, steep, immerse, moisten, wet, dunk, drench\"',
        '\"soak, dip, steep, immerse, moisten, wet, dunk, drench. be soaked in, be immersed in, be flooded, be submerged'),
       (1056, '真', 10, 3, 'shin', ' reality', '\"truth', ' genuineness'),
       (1057, '針', 10, 6, 'shin', 'hari', 'needle', '\"needle, pin'),
       (1058, '深', 11, 3, 'shin', '\"fuka(i), fuka(maru), fuka(meru)\"', 'deep', '\"deep'),
       (1059, '紳', 11, 7, 'shin', ' gentleman\"', '\"good belt', '-'),
       (1060, '進', 11, 3, 'shin', '\"susu(mu), susu(meru)\"', 'advancing', '\"advance, proceed, progress'),
       (1061, '森', 12, 1, 'shin', 'mori', '\"woods, grove\"', '\"woods, grove\"'),
       (1062, '診', 12, 7, 'shin', ' diagnosing\"', '\"seeing', 'mi(ru)'),
       (1063, '寝', 13, 7, 'shin', ' resting', '\"sleeping', ' bed\"'),
       (1064, '慎', 13, 7, 'shin', ' restrain oneself, be moderate\"',
        '\"be discreet, be careful, be prudent, be cautious', 'tsutsushi(mu)'),
       (1065, '新', 13, 2, 'shin', '\"atara(shii), ara(ta), nii\"',
        '\"newness, novelty. new, modern, novel, fresh, neo-\"', '\"new, novel, fresh, recent, modern\"'),
       (1066, '審', 15, 7, 'shin', '-', '\"hearing, trial, investigation\"', '-'),
       (1067, '震', 15, 7, 'shin', ' vibrate\"', '\"shake, tremble, quiver, shiver, shudder', '\"furu(u), furu(eru)\"'),
       (1068, '薪', 16, 7, 'shin', 'takigi', 'firewood', '\"firewood, kindling, fuel\"'),
       (1069, '親', 16, 2, 'shin', ' parents', '\"intimacy', ' relative\"'),
       (1070, '人', 2, 1, '\"jin, 	nin\"', 'hito', '\"man, person, people\"',
        '\"man, human being, mankind, person, people'),
       (1071, '刃', 3, 7, 'jin', 'ha', '\"blade, sword, cutting tool\"', '\"blade, edge\"'),
       (1072, '仁', 4, 6, '\"jin, [ni]\"', ' man\"', '\"virtue, benevolence, humanity, charity', '-'),
       (1073, '尽', 6, 7, 'jin', ' serve, befriend, work for, endeavor, do (one\'s duty). last day of the month\"',
        '\"use up, run out of, exhaust', '\"tsu(kusu), tsu(kiru), tsu(kasu)\"'),
       (1074, '迅', 6, 7, 'jin', '-', 'fast', '-'),
       (1075, '甚', 9, 7, 'jin', '\"hanaha(da), hanaha(dashii)\"', 'exceedingly',
        '\"very, greatly, exceedingly. extreme, excessive, intense, severe, serious\"'),
       (1076, '陣', 10, 7, 'jin', ' camp', '\"battle array, ranks', ' position\"'),
       (1077, '尋', 12, 7, 'jin', 'tazu(neru)', 'fathom', '\"look for, inquire for, ask (someone) a question\"'),
       (1078, '腎', 13, 7, 'jin', '-', 'kidney', '-'),
       (1079, '須', 12, 7, 'su', '-', '\"by all means, necessarily\"', '-'),
       (1080, '図', 7, 2, '\"zu, 	to\"', 'haka(ru)',
        '\"drawing, plan, figure, cut, chart, diagram, illustration, graph\"', '\"measure, gauge, weigh'),
       (1081, '水', 4, 1, 'sui', ' ice water', '\"water', ' Wednesday\"'),
       (1082, '吹', 7, 7, 'sui', ' play (a wind instrument)', '\"breathe, blow', ' emit'),
       (1083, '垂', 8, 6, 'sui', ' slouch\"', '\"suspend, hang down', '\"ta(reru), ta(rasu)\"'),
       (1084, '炊', 8, 7, 'sui', 'ta(ku)', '\"cook, boil\"', '\"cook, boil\"'),
       (1085, '帥', 9, 7, 'sui', '-', '\"leading (troops)\"', '-'),
       (1086, '粋', 10, 7, 'sui', ' elegance', '\"purity, essence, pith, cream, pick, elite, choice', ' fashion'),
       (1087, '衰', 10, 7, 'sui', 'otoro(eru)', '\"decline, wane, weaken, abate, decay, wither, waste away\"',
        '\"decline, wane, weaken, abate, decay, wither, waste away\"'),
       (1088, '推', 11, 6, 'sui', 'o(su)', 'conjecture', '\"infer, conclude'),
       (1089, '酔', 11, 7, 'sui', ' feel sick', '\"get drunk', ' be poisoned'),
       (1090, '遂', 12, 7, 'sui', 'to(geru)', '\"accomplish, attain, commit (suicide)\"',
        '\"accomplish, attain, commit (suicide)\"'),
       (1091, '睡', 13, 7, 'sui', '-', '\"sleep, die\"', '-'),
       (1092, '穂', 15, 7, 'sui', ' crest (of waves)\"', '\"ear, head (of grain)', 'ho'),
       (1093, '随', 12, 7, 'zui', '-', '\"at the mercy of (the waves)\"', '-'),
       (1094, '髄', 19, 7, 'zui', '-', '\"marrow, pith\"', '-'),
       (1095, '枢', 8, 7, 'suu', ' door\"', '\"pivot', '-'),
       (1096, '崇', 11, 7, 'suu', '-', 'high', '-'),
       (1097, '数', 13, 2, '\"suu, [su]\"', ' fate', '\"strength', ' law'),
       (1098, '据', 11, 7, '-', '\"su(eru), su(waru)\"', '-', '\"set (a table)'),
       (1099, '杉', 7, 7, '-', 'sugi', '-', '\"cryptomeria, sugi, Japan cedar\"'),
       (1100, '裾', 13, 7, '-', 'suso', '-', '\"cuff(of trousers)'),
       (1101, '寸', 3, 6, 'sun', ' measure\"', '\"one-tenth of a foot', '-'),
       (1102, '瀬', 19, 7, '-', 'se', '-', '\"current, torrent, rapids, shallows, shoal\"'),
       (1103, '是', 9, 7, 'ze', '-', '\"right, justice\"', '-'),
       (1104, '井', 4, 7, '\"sei, [shoo]\"', 'i', 'well', 'well'),
       (1105, '世', 5, 3, '\"sei, 	se\"', ' world. age, counter for kings of the same name\"', '\"generation', 'yo'),
       (1106, '正', 5, 1, '\"sei, 	shoo\"', ' original', '\"right, righteousness, justice', ' plus, positive'),
       (1107, '生', 5, 1, '\"sei, 	shoo\"', ' life, existence, living', '\"birth', ' subsistence'),
       (1108, '成', 6, 4, '\"sei, [joo]\"', ' set in, come (time or seasons)',
        '\"become, get or grow (old), form (a part of)', ' turn into'),
       (1109, '西', 6, 2, '\"sei, 	sai\"', 'nishi', 'west', 'west'),
       (1110, '声', 7, 2, '\"sei, [shoo]\"', ' tone', '\"voice', ' alarm, cry'),
       (1111, '制', 8, 5, 'sei', ' imperial command', '\"system, organization',
        ' laws, regulation. control, govern, suppress, restrain, hold back'),
       (1112, '姓', 8, 7, '\"sei, 	shoo\"', '-', '\"surname, family name\"', '-'),
       (1113, '征', 8, 7, 'sei', ' collect taxes\"', '\"attack the rebellious', '-'),
       (1114, '性', 8, 5, '\"sei, 	shoo\"', ' nature, attribute. deposition', '\"sex, gender', ' quality'),
       (1115, '青', 8, 1, '\"sei, [shoo]\"', ' green light\"', '\"blue, green', '\"ao, ao(i)\"'),
       (1116, '斉', 8, 7, 'sei', '-', '\"equal, similar\"', '-'),
       (1117, '政', 9, 5, '\"sei, [shoo]\"', 'matsurigoto', '\"government, rule\"', '\"government, rule\"'),
       (1118, '星', 9, 2, '\"sei, [shoo]\"', 'hoshi', 'star', '\"star'),
       (1119, '牲', 9, 7, 'sei', '-', '\"sacrifice, offering, gift\"', '-'),
       (1120, '省', 9, 4, '\"sei, 	shoo\"', ' province (in China)\"', '\"ministry, department',
        '\"kaeri(miru), habu(ku)\"'),
       (1121, '凄', 10, 7, 'sei', '-', 'threaten', '-'),
       (1122, '逝', 10, 7, 'sei', '\"yu(ku), i(ku)\"', '\"die, pass away\"', '\"die, pass away\"'),
       (1123, '清', 11, 4, '\"sei, [shoo]\"', '\"kiyo(i), kiyo(maru), kiyo(meru)\"', '\"China, Manchu (dynasty)\"',
        '\"purify, cleanse'),
       (1124, '盛', 11, 6, '\"sei, [joo]\"', ' copulate (animals)\"', '\"prosper, flourish',
        '\"mo(ru), saka(ru), saka(n)\"'),
       (1125, '婿', 12, 7, 'sei', 'muko', 'son-in-law', 'son-in-law'),
       (1126, '晴', 12, 2, 'sei', '\"ha(reru), ha(rasu)\"', '\"clear up, (doubts) vanish, be refreshed\"', '\"clear up'),
       (1127, '勢', 13, 5, 'sei', ' military strength\"', '\"energy', 'ikio(i)'),
       (1128, '聖', 13, 6, 'sei', ' sage', '\"saint', ' great master'),
       (1129, '誠', 13, 6, 'sei', ' prohibit\"', '\"admonish, warn', 'makoto'),
       (1130, '精', 14, 5, '\"sei, [shoo]\"', ' energy, vitality', '\"spirit, ghost, fairy', ' white rice'),
       (1131, '製', 14, 5, 'sei', '-', '\"make, manufacture\"', '-'),
       (1132, '誓', 14, 7, 'sei', 'chika(u)', '\"swear, plegde, vow\"', '\"swear, plegde, vow\"'),
       (1133, '静', 14, 4, '\"sei, [joo]\"', '\"shizu, shizu(ka), shizu(maru), shizu(meru)\"',
        '\"quiet, peace, inactivity\"', '\"get quiet, calm down, grow still'),
       (1134, '請', 15, 7, '\"sei, [shin]\"', '\"ko(u), u(keru)\"', '\"requesting, inviting\"', '\"ask, request'),
       (1135, '整', 16, 3, 'sei', '\"totono(eru), totono(u)\"', 'arranging', '\"prepare, arrange'),
       (1136, '醒', 16, 7, 'sei', ' be disillusioned', '\"awake', ' sober up\"'),
       (1137, '税', 12, 5, 'zei', '-', '\"tax, duty\"', '-'),
       (1138, '夕', 3, 1, 'seki', 'yuu', 'evening', 'evening'),
       (1139, '斥', 5, 7, 'seki', '-', '\"retreat, recede, withdraw\"', '-'),
       (1140, '石', 5, 1, '\"seki, [shaku], [koku]\"', ' jewel', '\"stone, pebble, rock',
        ' the go playing stones. 4.96 bushels'),
       (1141, '赤', 7, 1, '\"seki, [shaku]\"', '\"aka, aka(i), aka(ramu), aka(rameru)\"', '\"red, crimson, scarlet\"',
        '\"red, crimson, scarlet, Communist, Red. become red. blush, redden\"'),
       (1142, '昔', 8, 3, '\"seki, [shaku]\"', 'mukashi', '\"antiquity, old times\"', '\"antiquity, old times\"'),
       (1143, '析', 8, 7, 'seki', ' tear', '\"divide', ' analyze\"'),
       (1144, '席', 10, 4, 'seki', ' mat', '\"seat', ' a place, room, occasion\"'),
       (1145, '脊', 10, 7, 'seki', '-', '\"stature, height\"', '-'),
       (1146, '隻', 10, 7, 'seki', '-', '\"counter for ships, fish, birds, arrows, etc., and one of a pair\"', '-'),
       (1147, '惜', 11, 7, 'seki', ' be frugal with', '\"be sparing of', ' be stingy with'),
       (1148, '戚', 11, 7, 'seki', '-', '\"relative, sadness\"', '-'),
       (1149, '責', 11, 5, 'seki', ' torture, persecute', '\"condemn, blame, censure, criticize, take to task',
        ' urge, tease (to do something) \"'),
       (1150, '跡', 13, 7, 'seki', ' trace, track, trail', '\"mark, print, impression', ' wake'),
       (1151, '積', 16, 4, 'seki', ' acreage, contents, measurement\"', '\"product (in math)', '\"tsu(mu), tsu(moru)\"'),
       (1152, '績', 17, 5, 'seki', '-', '\"exploits, unreeling cocoons\"', '-'),
       (1153, '籍', 20, 7, 'seki', ' membership\"', '\"domiciliary register', '-'),
       (1154, '切', 4, 2, '\"setsu, [sai]\"', ' carve', '\"cut, chop, hash', ' saw'),
       (1155, '折', 7, 4, 'setsu', ' fold, turn down', '\"break, snap, fracture, knock out (teeth)', ' bend'),
       (1156, '拙', 8, 7, 'setsu', 'tsutana(i)', '\"clumsy, unskillful\"', '\"clumsy, bungling, unskillful\"'),
       (1157, '窃', 9, 7, 'setsu', '-', 'steal', '-'),
       (1158, '接', 11, 5, 'setsu', ' adjoin', '\"touch, contact', ' receive (visitors)'),
       (1159, '設', 11, 5, 'setsu', ' establish, found, set up, organize', '\"prepare, provide',
        ' enact, lay down (rules)'),
       (1160, '雪', 11, 2, 'setsu', 'yuki', '\"snow, snowfall\"', '\"snow, snowfall\"'),
       (1161, '摂', 13, 7, 'setsu', ' carry on in addition to\"', '\"act in place of', '-'),
       (1162, '節', 13, 4, '\"setsu, [sechi]\"', ' verse, clause, paragraph, section, stanza',
        '\"season, period, occasion, time', ' integrity, honor\"'),
       (1163, '説', 14, 4, '\"setsu, [zei]\"', ' comment', '\"opinion, view, assertion', ' theory'),
       (1164, '舌', 6, 5, 'zetsu', ' reed', '\"tongue', ' clapper\"'),
       (1165, '絶', 12, 5, 'zetsu', '\"ta(eru), ta(yasu), ta(tsu)\"', '\"be beyond (words)\"',
        '\"become extinct, die out, discontinue, end, fail, peter out. exterminate, root out'),
       (1166, '千', 3, 1, 'sen', 'chi', '\"thousand, many\"', '\"thousand, many\"'),
       (1167, '川', 3, 1, 'sen', 'kawa', '\"river, stream, brook\"', '\"river, stream, brook\"'),
       (1168, '仙', 5, 7, 'sen', '-', '\"hermit, wizard\"', '-'),
       (1169, '占', 5, 7, 'sen', '\"shi(meru), urana(u)\"', '\"occupy, hold, have, get, take (a seat)\"',
        '\"occupy, hold, have, get, take (a seat). divine, forecast, augur \"'),
       (1170, '先', 6, 1, 'sen', ' priority, precedence\"', '\"the future', 'saki'),
       (1171, '宣', 9, 6, 'sen', '-', '\"be pleased to say, say\"', '-'),
       (1172, '専', 9, 6, 'sen', 'moppa(ra)', '\"mainly, sorely, \"', '\"mainly, sorely, \"'),
       (1173, '泉', 9, 6, 'sen', 'izumi', '\"spring, fountain (head), source\"', '\"spring, fountain (head), source\"'),
       (1174, '浅', 9, 4, 'sen', ' superficial', '\"shallow', ' short (time)'),
       (1175, '洗', 9, 6, 'sen', ' inquire into, probe \"', '\"wash', 'ara(u)'),
       (1176, '染', 9, 6, 'sen', '\"so(meru), so(maru), shi(miru), shi(mi)\"',
        '\"be dyed, be imbued with, be tainted with\"',
        '\"be dyed, be imbued with, be tainted with. dye, color, paint. soak in, permeate, infiltrate'),
       (1177, '扇', 10, 7, 'sen', 'oogi', 'fan', '\"folding fan\"'),
       (1178, '栓', 10, 7, 'sen', '-', '\"bolt, stopper, cork, plug, ear plug, bung, faucet, peg \"', '-'),
       (1179, '旋', 11, 7, 'sen', '-', '\"go around\"', '-'),
       (1180, '船', 11, 2, 'sen', '\"fune, [funa]\"', 'ship', '\"boat, ship, vessel, steamer, liner, barge'),
       (1181, '戦', 13, 4, 'sen', ' battle', '\"war', ' game, match\"'),
       (1182, '煎', 13, 7, 'sen', 'i(ru)', '\"broil, parch, roast, fire (tea), boil down (in oil)\"',
        '\"broil, parch, roast, fire (tea), boil down (in oil)\"'),
       (1183, '羨', 13, 7, 'sen', '\"uraya(mu), uraya(mashii)\"', '\"be envious, be jealous, covet\"',
        '\"be envious, be jealous, covet'),
       (1184, '腺', 13, 7, 'sen', '-', 'gland', '-'),
       (1185, '詮', 13, 7, 'sen', ' selection', '\"discussion', ' methods called for'),
       (1186, '践', 13, 7, 'sen', ' carry through, practice', '\"step on, trample on, stamp on', ' appraise'),
       (1187, '箋', 14, 7, 'sen', ' label', '\"paper', ' letter'),
       (1188, '銭', 14, 5, 'sen', ' coin\"', '\"one-hundredth of a yen', 'zeni'),
       (1189, '潜', 15, 7, 'sen', ' lower (the voice)\"', '\"conceal, hide', '\"hiso(mu), mogu(ru)\"'),
       (1190, '線', 15, 2, 'sen', ' track, route, wire\"', '\"line', '-'),
       (1191, '遷', 15, 7, 'sen', ' pass into, drift', '\"move, change, shift', ' soak in'),
       (1192, '選', 15, 4, 'sen', 'era(bu)', '\"selection, choice\"', '\"select, choose'),
       (1193, '薦', 16, 7, 'sen', 'susu(meru)', '\"recommendation, advice, encouragement \"',
        '\"recommend, advise, encourage'),
       (1194, '繊', 17, 7, 'sen', ' thin kimono\"', '\"fine, slender', '-'),
       (1195, '鮮', 17, 7, 'sen', 'aza(yaka)', 'Korea',
        '\"vivid, clear, brilliant, fresh, graceful, splendid, beautiful\"'),
       (1196, '全', 6, 3, 'zen', '\"matta(ku), sube(te)\"', 'all', '\"entirely, completely, wholly, perfectly'),
       (1197, '前', 9, 2, 'Zen', 'Mae, -mae', 'Devant, avant', 'In front, before'),
       (1198, '善', 12, 6, 'zen', 'yo(i)', '\"good, goodness, right, virtue\"', '\"good, good-natured'),
       (1199, '然', 12, 4, '\"zen, 	nen\"', '-', '\"to decree\"', '-'),
       (1200, '禅', 13, 7, 'zen', ' Buddhist sect originating in the twelfth century\"', '\"silent meditation', '-'),
       (1201, '漸', 14, 7, 'zen', '-', '\"gradually advancing\"', '-'),
       (1202, '膳', 16, 7, 'zen', ' tray\"', '\"small low table', '-'),
       (1203, '繕', 18, 7, 'zen', ' trim, tidy up, adjust\"', '\"repair, mend, darn', 'tsukuro(u)'),
       (1204, '狙', 8, 7, 'so', ' watch for, shadow, stalk\"', '\"aim at, sight', 'nera(u)'),
       (1205, '阻', 8, 7, 'so', ' prevent, stop\"', '\"separate from', 'haba(mu)'),
       (1206, '祖', 9, 5, 'so', '-', '\"ancestor, founder, originator, pioneer\"', '-'),
       (1207, '租', 10, 7, 'so', '-', '\"crop tax, borrowing\"', '-'),
       (1208, '素', 10, 5, '\"so, 	su\"', ' element. naked, uncovered, simple\"', '\"principle', '-'),
       (1209, '措', 11, 7, 'so', ' except\"', '\"give up, suspend, discontinue, lay aside, set apart', '-'),
       (1210, '粗', 11, 7, 'so', ' neglect', '\"roughness, coarseness, not fine', ' careless\"'),
       (1211, '組', 11, 2, 'so', ' be implicated in', '\"take part in', ' side with'),
       (1212, '疎', 12, 7, 'so', '\"uto(i), uto(mu)\"', '\"rough, sparseness, estrangement\"',
        '\"neglect, shun, alienate. distant, estranged'),
       (1213, '訴', 12, 7, 'so', ' complain of (pain)', '\"sue', ' appeal to'),
       (1214, '塑', 13, 7, 'so', '-', '\"modeling, molding\"', '-'),
       (1215, '遡', 14, 7, 'so', ' retrace the past\"', '\"go upstream', 'sakanobo(ru)'),
       (1216, '礎', 18, 7, 'so', 'ishizue', '\"foundation stone, cornerstone\"', '\"foundation stone, cornerstone\"'),
       (1217, '双', 4, 7, 'soo', ' a set', '\"a pair', ' comparison'),
       (1218, '壮', 6, 7, 'soo', ' prosperity\"', '\"manhood', '-'),
       (1219, '早', 6, 1, '\"soo, [saQ]\"', ' brisk, prompt', '\"quick, fast, speedy', ' early'),
       (1220, '争', 6, 4, 'soo', ' be at variance', '\"dispute, argue', ' compete\"'),
       (1221, '走', 7, 2, 'soo', ' turn to, become', '\"run, rush, flee', ' go to excess\"'),
       (1222, '奏', 9, 6, 'soo', 'kana(deru)', '\"play (an instrument)\"', '\"play (an instrument)\"');
insert into kanji (id, kanji, lignes, grade, on_yomi, kun_yomi, sens, sens_en)
values (1223, '相', 9, 3, '\"soo, 	shoo\"', 'ai', '\"aspect, phase, physiognomy. minister of state, councilor\"',
        '\"together, each other'),
       (1224, '荘', 9, 7, 'soo', '-', '\"villa, inn\"', '-'),
       (1225, '草', 9, 1, 'soo', ' grass hand (writing)', '\"grass', ' weeds'),
       (1226, '送', 9, 3, 'soo', 'oku(ru)', 'sending', '\"send, ship'),
       (1227, '倉', 10, 4, 'soo', 'kura', 'storehouse', '\"warehouse, godown'),
       (1228, '捜', 10, 7, 'soo', ' glean\"', '\"search, look for, locate', 'saga(su)'),
       (1229, '挿', 10, 7, 'soo', ' graft (a branch)', '\"insert, put in', ' wear (a sword)'),
       (1230, '桑', 10, 7, 'soo', 'kuwa', 'mulberry', 'mulberry'),
       (1231, '巣', 11, 4, 'soo', ' den, haunt\"', '\"nest, rookery, breeding place, beehive, cobweb', 'su'),
       (1232, '掃', 11, 7, 'soo', ' brush', '\"sweep', ' gather up\"'),
       (1233, '曹', 11, 7, 'soo', '-', 'friend', '-'),
       (1234, '曽', 11, 7, '\"soo, [zo]\"', ' ever, never(neg.)', '\"once, before, formerly', ' former, ex-\"'),
       (1235, '爽', 11, 7, 'soo', ' clear, resonant, sweet(voice)', '\"refreshing, bracing', ' fluent\"'),
       (1236, '窓', 11, 6, 'soo', 'mado', 'window', 'window'),
       (1237, '創', 12, 6, 'soo', ' cut, gash, bruise, scratch', '\"wound, injury, hurt', ' scar'),
       (1238, '喪', 12, 7, 'soo', 'mo', 'mourning', 'mourning'),
       (1239, '痩', 12, 7, 'soo', 'ya(seru)', '\"get thin\"', '\"get thin\"'),
       (1240, '葬', 12, 7, 'soo', 'hoomu(ru)', '\"bury, shelve\"', '\"bury, shelve\"'),
       (1241, '装', 12, 6, '\"soo, 	shoo\"', ' spruce up', '\"dress', ' pretend, disguise'),
       (1242, '僧', 13, 7, 'soo', '-', '\"monk, priest\"', '-'),
       (1243, '想', 13, 3, '\"soo, [so]\"', '-', '\"idea, conception, thought\"', '-'),
       (1244, '層', 14, 6, 'soo', ' stratum, layer, seam, bed, formation', '\"(social) class', ' story, floor'),
       (1245, '総', 14, 5, 'soo', '-', '\"whole, all, general, gross, total, full\"', '-'),
       (1246, '遭', 14, 7, 'soo', 'a(u)', '\"meet, interview\"', '\"meet, interview\"'),
       (1247, '槽', 15, 7, 'soo', '-', '\"tub, tank, vat\"', '-'),
       (1248, '踪', 15, 7, 'soo', ' clue, footprint\"', '\"remains (of something)', '-'),
       (1249, '操', 16, 6, 'soo', ' pull strings\"', '\"manipulate, operate, steer', '\"misao, ayatsu(ru)\"'),
       (1250, '燥', 17, 7, 'soo', '-', '\"dry up\"', '-'),
       (1251, '霜', 17, 7, 'soo', 'shimo', 'frost', 'frost'),
       (1252, '騒', 18, 7, 'soo', ' raise an uproar', '\"make a noise, be boisterous, shout, clamor',
        ' be excited, be agitated'),
       (1253, '藻', 19, 7, 'soo', 'mo', '\"duckweed, seaweed\"', '\"duckweed, seaweed\"'),
       (1254, '造', 10, 5, 'zoo', ' build', '\"make, create, manufacture, prepare, draw up, write, compose', ' coin'),
       (1255, '像', 14, 5, 'zoo', '-', '\"image, statue, figure, picture, portrait\"', '-'),
       (1256, '増', 14, 5, 'zoo', '\"ma(su), fu(eru), fu(yasu)\"', 'increase', '\"increase, add to, augment, gain'),
       (1257, '憎', 14, 7, 'zoo', '\"niku(mu), niku(i), niku(rashii), niku(shimi)\"', '\"hate, detest\"',
        '\"hate, detest. hateful, abominable'),
       (1258, '蔵', 15, 6, 'zoo', ' cellar', '\"storehoure, warehouse, godown', ' depository, treasury'),
       (1259, '贈', 18, 7, '\"zoo, [soo]\"', 'oku(ru)', '\"present (something)\"',
        '\"send, give to, award to, confer on\"'),
       (1260, '臓', 19, 6, 'zoo', '-', '\"viscera, bowels\"', '-'),
       (1261, '即', 7, 7, 'soku', '-', '\"namely, as is\"', '-'),
       (1262, '束', 7, 4, 'soku', 'taba', '\"bundle, sheaf, ream (of paper)\"', '\"bundle, bunch, sheaf, coil\"'),
       (1263, '足', 7, 1, 'soku', ' leg', '\"foot', ' counter for pairs of footwear\"'),
       (1264, '促', 9, 7, 'soku', ' stimulate', '\"urge, press, demand', ' incite'),
       (1265, '則', 9, 5, 'soku', ' live up to', '\"follow (precedent), be based on, go by', ' model after'),
       (1266, '息', 10, 3, 'soku', ' interest (on money)\"', '\"son', 'iki'),
       (1267, '捉', 10, 7, 'soku', 'tora(eru)', '\"catch, arrest, capture\"', '\"catch, arrest, capture\"'),
       (1268, '速', 10, 3, 'soku', '\"haya(i), haya(meru), haya(maru), sumi(yaka)\"', '\"speedy, prompt, swift\"',
        '\"speedy, prompt, swift. hasten, precipitate, accelerate, expedite'),
       (1269, '側', 11, 4, 'soku', 'gawa', '\"lean to one side, oppose, look aside, regret\"', '\"a side'),
       (1270, '測', 12, 5, 'soku', ' fathom, sound', '\"measure, gauge, weigh', ' compute, estimate\"'),
       (1271, '俗', 9, 7, 'zoku', ' the world', '\"customs, manners', ' worldliness'),
       (1272, '族', 11, 3, 'zoku', '-', '\"family, relatives, clan, tribe, race\"', '-'),
       (1273, '属', 12, 5, 'zoku', ' subordinate official\"', '\"genus', '-'),
       (1274, '賊', 13, 7, 'zoku', ' rebel', '\"robber', ' traitor\"'),
       (1275, '続', 13, 4, 'zoku', '\"tsuzu(ku), tsuzu(keru)\"', '\"continuation, second series\"', '\"continue'),
       (1276, '卒', 8, 4, 'sotsu', '-', '\"graduate, soldier, private\"', '-'),
       (1277, '率', 11, 5, '\"sotsu, 	ritsu\"', ' proportion', '\"rate, percentage', ' coefficient, factor'),
       (1278, '存', 6, 6, '\"son, 	zon\"', ' think, believe, feel\"', '\"know, be aware of, be acquainted with', '-'),
       (1279, '村', 7, 1, 'son', 'mura', '\"village, hamlet\"', '\"village, hamlet\"'),
       (1280, '孫', 10, 4, 'son', 'mago', 'descendants', 'grandchild'),
       (1281, '尊', 12, 6, 'son', ' respect, honor, revere\"', '\"value, prize, esteem',
        '\"tatto(i), tooto(i), tatto(bu), tooto(bu)\"'),
       (1282, '損', 13, 5, 'son', ' disadvantage, handicap\"', '\"loss', '\"soko(nau), soko(neru)\"'),
       (1283, '遜', 14, 7, 'son', '-', '\"humble oneself, condescend, be modest\"', '-'),
       (1284, '他', 5, 3, 'ta', ' the rest', '\"another, the other, others, another thing', ' another place\"'),
       (1285, '多', 6, 2, 'ta', 'oo(i)', 'much', '\"many'),
       (1286, '汰', 7, 7, 'ta', ' select\"', '\"luxury', '-'),
       (1287, '打', 5, 3, 'da', 'u(tsu)', 'striking', '\"strike, hit, beat, knock, slap, punch, thrash, smite'),
       (1288, '妥', 7, 7, 'da', ' depravity\"', '\"peace', '-'),
       (1289, '唾', 11, 7, 'da', ' saliva\"', '\"sputum', 'tsuba'),
       (1290, '堕', 12, 7, 'da', '-', '\"descend to, lapse into, degenerate\"', '-'),
       (1291, '惰', 12, 7, 'da', '-', 'laziness', '-'),
       (1292, '駄', 14, 7, 'da', ' pack horse', '\"horse load', ' sending by horses\"'),
       (1293, '太', 4, 2, '\"tai, 	ta\"', '\"futo(i), futo(ru)\"', '\"get fat, gain, fill out\"',
        '\"get fat, gain, fill out. big, thick, burly, fat'),
       (1294, '対', 7, 3, '\"tai, 	tsui\"', ' antonym', '\"the opposite', ' even, equal'),
       (1295, '体', 7, 2, '\"tai, 	tei\"', ' substance, object', '\"the body', ' reality'),
       (1296, '耐', 9, 7, 'tai', 'ta(eru)', 'enduring', '\"endure'),
       (1297, '待', 9, 3, 'tai', 'ma(tsu)', 'waiting', '\"wait, wait for'),
       (1298, '怠', 9, 7, 'tai', '\"okota(ru), nama(keru)\"', '\"laziness, neglect\"', '\"neglect'),
       (1299, '胎', 9, 7, 'tai', '-', '\"womb, uterus\"', '-'),
       (1300, '退', 9, 5, 'tai', ' retire, resign\"', '\"retreat, withdraw', '\"shirizo(ku), shirizo(keru)\"'),
       (1301, '帯', 10, 4, 'tai', ' zone\"', '\"belt', '\"o(biru), obi\"'),
       (1302, '泰', 10, 7, 'tai', ' easy', '\"calm ,peace', ' large, wide\"'),
       (1303, '堆', 11, 7, 'tai', '-', '\"piled high\"', '-'),
       (1304, '袋', 11, 7, 'tai', ' bag counter\"', '\"bag', 'fukuro'),
       (1305, '逮', 11, 7, 'tai', '-', 'chase', '-'),
       (1306, '替', 12, 7, 'tai', '\"ka(eru), ka(waru)\"',
        '\"change, turn, convert, exchange, renew, substitute, replace \"',
        '\"change, turn, convert, exchange, renew, substitute, replace. relieve\"'),
       (1307, '貸', 12, 5, 'tai', ' hire out, rent, lease', '\"lend', ' give credit to \"'),
       (1308, '隊', 12, 4, 'tai', '-', '\"party, company, corps, squad, crew, band, posse, force, unit\"', '-'),
       (1309, '滞', 13, 7, 'tai', 'todokoo(ru)', 'stopping', '\"stagnate'),
       (1310, '態', 14, 5, 'tai', ' voice (of verbs)\"', '\"condition, figure, appearance', '-'),
       (1311, '戴', 17, 7, 'tai', ' live under (a ruler)', '\"be crowned with, wear', ' install ( a president)'),
       (1312, '大', 3, 1, '\"dai, 	tai\"', ' the greater', '\"large, huge, grand', ' size'),
       (1313, '代', 5, 3, '\"dai, 	tai\"', ' charge, rate, fee, cost, price\"', '\"period, age, generation',
        '\"ka(waru), ka(eru), yo, shiro\"'),
       (1314, '台', 5, 2, '\"dai, 	tai\"', ' holder, support', '\"stand, pedestal, rack, table, dais, bench, block',
        ' mounting, setting\"'),
       (1315, '第', 11, 3, 'dai', '-', '\"residence. number (1, 2, 3, etc.)\"', '-'),
       (1316, '題', 18, 3, 'dai', ' title, caption, heading', '\"subject, theme, topic', ' question, problem\"'),
       (1317, '滝', 13, 7, '-', 'taki', '-', '\"waterfall'),
       (1318, '宅', 6, 6, 'taku', ' our home', '\"home, house, residence', ' my husband\"'),
       (1319, '択', 7, 7, 'taku', ' cull out', '\"choose, select', ' elect'),
       (1320, '沢', 7, 7, 'taku', ' blessing\"', '\"swamp', 'sawa'),
       (1321, '卓', 8, 7, 'taku', ' high\"', '\"table, desk', '-'),
       (1322, '拓', 8, 7, 'taku', '-', '\"open, clear, break up (land)\"', '-'),
       (1323, '託', 10, 7, 'taku', '-', '\"requesting, entrusting with\"', '-'),
       (1324, '濯', 17, 7, 'taku', '-', '\"wash, pour on, rinse\"', '-'),
       (1325, '諾', 15, 7, 'daku', '-', '\"assent, consent, agreement\"', '-'),
       (1326, '濁', 16, 7, 'daku', ' wrong', '\"uncleanness', ' muddiness, impurity'),
       (1327, '但', 7, 7, '-', 'tada(shi)', '-', '\"but, however, excepting that\"'),
       (1328, '達', 12, 4, 'tatsu', ' amount to', '\"reach, arrive at, attain', ' become expert, be versed in'),
       (1329, '脱', 11, 7, 'datsu', '\"nu(gu), nu(geru)\"', 'removing', '\"take off (clothes)'),
       (1330, '奪', 14, 7, 'datsu', ' absorb (attention)',
        '\"take by force, snatch away, oust, deprive of, disposess, plunder, usurp', ' fascinate\"'),
       (1331, '棚', 12, 7, '-', 'tana', '-', '\"shelf, ledge, rack, mount, mantelpiece'),
       (1332, '誰', 15, 7, '-', 'dare', '-', 'who'),
       (1333, '丹', 4, 7, 'tan', ' pills\"', '\"red, red lead', '-'),
       (1334, '旦', 5, 7, '\"tan, dan\"', '-', '\"dawn, early moring\"', '-'),
       (1335, '担', 8, 6, 'tan', ' raise\"', '\"carry', '\"katsu(gu), nina(u)\"'),
       (1336, '単', 9, 4, 'tan', '-', '\"one, single, simple, singular, individual\"', '-'),
       (1337, '炭', 9, 3, 'tan', ' coal\"', '\"charcoal', 'sumi'),
       (1338, '胆', 9, 7, 'tan', ' courage\"', '\"gall bladder', '-'),
       (1339, '探', 11, 6, 'tan', ' explore', '\"search, look for', ' spy upon, sound out'),
       (1340, '淡', 11, 7, 'tan', ' a little\"', '\"light, faint, pale, fleeting', 'awa(i)'),
       (1341, '短', 12, 3, 'tan', ' fault, defect, demerit, weak point\"', '\"shortness, brevity', 'mijika(i)'),
       (1342, '嘆', 13, 7, 'tan', '\"nage(ku), nage(kawashii)\"', 'sigh', '\"sigh, lament, moan, grieve'),
       (1343, '端', 14, 7, 'tan', ' end', '\"origin', ' point\"'),
       (1344, '綻', 14, 7, 'tan', ' unravel, run', '\"be rent, be ripped', ' begin to open'),
       (1345, '誕', 15, 6, 'tan', ' deceive', '\"be born', ' lie'),
       (1346, '鍛', 17, 7, 'tan', ' drill, train, practice\"', '\"forge, temper', 'kita(eru)'),
       (1347, '団', 6, 5, '\"dan, [ton]\"', ' circle\"', '\"body, group, corps, gang, party, company, troupe', '-'),
       (1348, '男', 7, 1, '\"dan, 	nan\"', ' baron. counter for sons\"', '\"man, male', 'otoko'),
       (1349, '段', 9, 6, 'dan', ' column', '\"steps, stair, flight of stairs', ' paragraph'),
       (1350, '断', 11, 5, 'dan', ' cutting\"', '\"decision, judgment', '\"ta(tsu), kotowa(ru)\"'),
       (1351, '弾', 12, 7, 'dan', '\"hi(ku), hazu(mu), tama\"', 'bullet', '\"play on. spring, bound, rebound'),
       (1352, '暖', 13, 6, 'dan', '\"atata(ka), atata(kai), atata(maru), atata(meru)\"', 'warmth',
        '\"warm, heat. warm oneself, sun oneself, get warm. mild, genial, cordial \"'),
       (1353, '談', 15, 3, 'dan', '-', '\"conversation, talk\"', '-'),
       (1354, '壇', 16, 7, '\"dan, [tan]\"', ' terrace', '\"stage, rostrum, dais', ' altar'),
       (1355, '地', 6, 2, '\"chi, 	ji\"', ' soil', '\"earth, land, ground, the surface of the earth',
        ' place, region'),
       (1356, '池', 6, 2, 'chi', 'ike', '\"pond, pool, cistern, basin, reservoir\"',
        '\"pond, pool, cistern, basin, reservoir\"'),
       (1357, '知', 8, 2, 'chi', 'shi(ru)', '\"know, acquaintance, sense\"', '\"know'),
       (1358, '値', 10, 6, 'chi', '\"ne, atai\"', '\"price, cost, value\"', '\"price, cost, value\"'),
       (1359, '恥', 10, 7, 'chi', '\"ha(jiru), haji, ha(jirau), ha(zukashii)\"',
        '\"shame, dishonor, disgrace, humiliation, insult \"',
        '\"shame, dishonor, disgrace, humiliation, insult. feel ashamed. feel shy, be coy, be bashful, blush. bashful, ashamed, coy'),
       (1360, '致', 10, 7, 'chi', ' send, forward', '\"do', ' incur, cause'),
       (1361, '遅', 12, 7, 'chi', ' lag behind', '\"be late, be delayed, be overdue', ' (clocks) lose\"'),
       (1362, '痴', 13, 7, 'chi', '-', 'foolish', '-'),
       (1363, '稚', 13, 7, 'chi', '-', 'young', '-'),
       (1364, '置', 13, 4, 'chi', ' leave behind', '\"place, put, set, deposit, lay', ' keep, have, leave'),
       (1365, '緻', 16, 7, 'chi', '-', '\"fine (not coarse)\"', '-'),
       (1366, '竹', 6, 1, 'chiku', 'take', 'bamboo', '\"bamboo'),
       (1367, '畜', 10, 7, 'chiku', '-', '\"domesticated fowl and animals\"', '-'),
       (1368, '逐', 10, 7, 'chiku', ' chase', '\"drive away', ' drive (cattle)'),
       (1369, '蓄', 13, 7, 'chiku', 'takuwa(eru)', '\"store, hoard, savings\"',
        '\"store, lay in stock, save, wear (a mustache)\"'),
       (1370, '築', 16, 5, 'chiku', 'kizu(ku)', '\"build, construct\"', '\"build, construct\"'),
       (1371, '秩', 10, 7, 'chitsu', ' order\"', '\"salary', '-'),
       (1372, '窒', 11, 7, 'chitsu', '-', '\"plug up, obstruct\"', '-'),
       (1373, '茶', 9, 2, '\"cha, 	sa\"', ' tea plant', '\"tea', ' tea leaves, light brown\"'),
       (1374, '着', 12, 3, '\"chaku, [jaku]\"', ' race counter \"', '\"arrival, finish (in a race)',
        '\"ki(ru), ki(seru), tsu(ku), tsu(keru)\"'),
       (1375, '嫡', 14, 7, 'chaku', ' legitimate child', '\"legitimacy', ' legitimate wife'),
       (1376, '中', 4, 1, '\"chuu, [jyuu]\"', ' middle (course)', '\"center, middle', ' (golden) mean'),
       (1377, '仲', 6, 4, 'chuu', 'naka', '\"relation, relationship\"', '\"relation, relationship\"'),
       (1378, '虫', 6, 1, 'chuu', ' temper', '\"worm, vermin, bug, insect', ' nervousness, peevishness'),
       (1379, '沖', 7, 7, 'chuu', 'oki', '\"offing, open sea\"', '\"offing, open sea\"'),
       (1380, '宙', 8, 6, 'chuu', ' memorization', '\"air, space, mid-air, sky, heaven', ' interval of time\"'),
       (1381, '忠', 8, 6, 'chuu', '-', '\"loyalty, devotion, fidelity, faithfulness\"', '-'),
       (1382, '抽', 8, 7, 'chuu', ' extract', '\"pull', ' excel\"'),
       (1383, '注', 8, 3, 'chuu', ' N.B.\"', '\"notes, comment', 'soso(gu)'),
       (1384, '昼', 9, 2, 'chuu', 'hiru', '\"daytime, midday\"', '\"daytime, midday, noon\"'),
       (1385, '柱', 9, 3, 'chuu', ' pillar, post\"', '\"cylinder, supports for strings on a lute', 'hashira'),
       (1386, '衷', 10, 7, 'chuu', ' inside\"', '\"heart, mind', '-'),
       (1387, '酎', 10, 7, 'chuu', '-', 'sak_', '-'),
       (1388, '鋳', 15, 7, 'chuu', 'i(ru)', 'casting', '\"cast, mint, coin\"'),
       (1389, '駐', 15, 7, 'chuu', '-', '\"stop, reside in\"', '-'),
       (1390, '著', 11, 6, 'cho', '\"arawa(su), ichijiru(shii)\"', '\"literary work\"',
        '\"write, publish. remarkable, phenomenal\"'),
       (1391, '貯', 12, 4, 'cho', '-', '\"store, lay in stock, save, keep, wear (a mustache)\"', '-'),
       (1392, '丁', 2, 3, '\"tei, 	choo\"', ' adult male', '\"fourth',
        ' servant. counter for guns, tools, orders of food, leaves, blocks or cakes of something'),
       (1393, '弔', 4, 7, 'choo', 'tomura(u)', 'mourning', '\"mourn for'),
       (1394, '庁', 5, 6, 'choo', '-', '\"government office\"', '-'),
       (1395, '兆', 6, 4, 'choo', ' trillion\"', '\"sign, omen, indication, portent', '\"kiza(su), kiza(shi)\"'),
       (1396, '町', 7, 1, 'choo', ' block', '\"town', ' street'),
       (1397, '長', 8, 2, 'choo', ' merit, forte, advantage', '\"head, chief, headman, commander, director, manager',
        ' superiority'),
       (1398, '挑', 9, 7, 'choo', ' contend for', '\"challenge', ' make love to\"'),
       (1399, '帳', 11, 3, 'choo', ' account book', '\"notebook', ' register'),
       (1400, '張', 11, 5, 'choo', 'ha(ru)', '\"counter for bows and stringed instruments\"', '\"put up (a tent)'),
       (1401, '彫', 11, 7, 'choo', 'ho(ru)', 'carving', '\"carve, engrave, sculpture, inscribe\"'),
       (1402, '眺', 11, 7, 'choo', ' scrutinize\"', '\"watch, look at, see', 'naga(meru)'),
       (1403, '釣', 11, 7, 'choo', ' decoy, allure \"', '\"angle, fish, catch', 'tsu(ru)'),
       (1404, '頂', 11, 6, 'choo', ' top of the head', '\"head', ' top, summit, peak'),
       (1405, '鳥', 11, 2, 'choo', 'tori', 'bird', '\"bird, chicken, fowl\"'),
       (1406, '朝', 12, 2, 'choo', ' reign, regime', '\"dynasty', ' period, epoch'),
       (1407, '貼', 12, 7, 'choo', 'ha(ru)', '\"counter for medicine packages\"',
        '\"stick, paste, affix, post, paper, apply (tile, etc.)\"'),
       (1408, '超', 12, 7, 'choo', '\"ko(eru), ko(su)\"', '\"super-, ultra-\"', '\"cross'),
       (1409, '腸', 13, 4, 'choo', ' digestive system in lower animals\"', '\"intestines, bowels, entrails', '-'),
       (1410, '跳', 13, 7, 'choo', ' hop', '\"leap, spring up', ' jerk, prance, buck'),
       (1411, '徴', 14, 7, 'choo', '-', '\"sign, symptom, omen\"', '-'),
       (1412, '嘲', 15, 7, 'choo', 'azake(ru)', '\"rudicule, insult\"', '\"rudicule, insult\"'),
       (1413, '潮', 15, 6, 'choo', ' salt water', '\"tide', ' opportunity\"'),
       (1414, '澄', 15, 7, 'choo', '\"su(mu), su(masu)\"', '\"be clear, become clear, clarify\"',
        '\"be clear, become clear, clarify. clear, settle'),
       (1415, '調', 15, 3, 'choo', ' key (in music)', '\"tune, tone, meter', ' style of writing'),
       (1416, '聴', 17, 7, 'choo', 'ki(ku)', '\"careful inquiry\"', '\"hear, listen to, learn of'),
       (1417, '懲', 18, 7, 'choo', '\"ko(riru), ko(rasu), ko(rashimeru)\"', '\"chastise, punish, discipline\"',
        '\"chastise, punish, discipline. learn by experience'),
       (1418, '直', 8, 2, '\"choku, 	jiki\"', ' simplicity', '\"honesty, frankness', ' correctness'),
       (1419, '勅', 9, 7, 'choku', '-', '\"imperial decree\"', '-'),
       (1420, '捗', 10, 7, 'choku', '-', '\"make progress\"', '-'),
       (1421, '沈', 7, 7, 'chin', '\"shizu(mu), shizu(meru)\"', 'aloes', '\"sink, be submerged'),
       (1422, '珍', 9, 7, 'chin', 'mezura(shii)', '\"rare, curious, strange\"',
        '\"new, novel, rare, strange, curious, unusual'),
       (1423, '朕', 10, 7, 'chin', '-', '\"imperial we\"', '-'),
       (1424, '陳', 11, 7, 'chin', '-', '\"state, relate, explain\"', '-'),
       (1425, '賃', 13, 6, 'chin', '-', '\"hire, rent, wages, fare, freight, charge, fee\"', '-'),
       (1426, '鎮', 18, 7, 'chin', '\"shizu(meru), shizu(maru)\"', '\"ancient garrisons for peace-preservation\"',
        '\"get quiet, calm down, grow still'),
       (1427, '追', 9, 3, 'tsui', ' chase', '\"drive away', ' drive (cattle)'),
       (1428, '椎', 12, 7, 'tsui', '-', '\"hammer, mallet\"', '-'),
       (1429, '墜', 15, 7, 'tsui', '-', 'fall', '-'),
       (1430, '通', 10, 2, '\"tsuu, [tsu]\"', ' expert\"', '\"pass', '\"too(ru), too(su), kayo(u)\"'),
       (1431, '痛', 12, 6, 'tsuu', '\"ita(i), ita(mu), ita(meru)\"', 'pain', '\"feel a pain, hurt'),
       (1432, '塚', 12, 7, '-', 'tsuka', '-', '\"mound, hillock, tumulus\"'),
       (1433, '漬', 14, 7, '-', '\"tsu(keru), tsu(karu)\"', '-', '\"soak, moisten, steep'),
       (1434, '坪', 8, 7, '-', 'tsubo', '-', '\"area about 36 square feet\"'),
       (1435, '爪', 4, 7, '-', '\"tsume, [tsuma]\"', '-', '\"nail, claw, talon, hoof'),
       (1436, '鶴', 21, 7, 'tsuru', '-', '\"crane, stork\"', '-'),
       (1437, '低', 7, 4, 'tei', '\"hiku(i), hiku(meru), hiku(maru)\"', 'low', '\"low, short'),
       (1438, '呈', 7, 7, 'tei', ' send (a letter)', '\"offer, present', '  exhibit'),
       (1439, '廷', 7, 7, 'tei', '-', '\"imperial court, government office\"', '-'),
       (1440, '弟', 7, 2, '\"tei, [dai], [de]\"', ' brotherly affection\"',
        '\"younger brother, faithful service to those older', 'otooto'),
       (1441, '定', 8, 3, '\"tei, 	joo\"', '\"sada(meru), sada(maru), sada(ka)\"',
        '\"deciding. be decided, be settled, quiet down\"',
        '\"be decided, be settled, quiet down. establish, lay down, stipulate'),
       (1442, '底', 8, 4, 'tei', ' kind, sort \"', '\"bottom, base', 'soko'),
       (1443, '抵', 8, 7, 'tei', '-', '\"touch, reach, resist\"', '-'),
       (1444, '邸', 8, 7, 'tei', '-', '\"mansion, residence\"', '-'),
       (1445, '亭', 9, 7, 'tei', ' mansion', '\"restaurant', ' arbor'),
       (1446, '貞', 9, 7, 'tei', ' constancy', '\"chastity', ' righteousness\"'),
       (1447, '帝', 9, 7, 'tei', ' the god of heaven', '\"emperor', ' the creator\"'),
       (1448, '訂', 9, 7, 'tei', ' decide\"', '\"correct', '-'),
       (1449, '庭', 10, 3, 'tei', 'niwa', '\"yard, courtyard, garden\"', '\"yard, courtyard, garden\"'),
       (1450, '逓', 10, 7, 'tei', ' sending (parcels) in feudal times\"', '\"in turn', '-'),
       (1451, '停', 11, 4, 'tei', '-', 'stopping', '-'),
       (1452, '偵', 11, 7, 'tei', '-', 'spy', '-'),
       (1453, '堤', 12, 7, 'tei', 'tsutsumi', '\"dike, bank, embankment\"', '\"dike, bank, embankment\"'),
       (1454, '提', 12, 5, 'tei', 'sa(geru)', '\"take along, carry in the hand\"', '\"take along, carry in the hand\"'),
       (1455, '程', 12, 5, 'tei', ' law', '\"degree', ' formula'),
       (1456, '艇', 13, 7, 'tei', '-', '\"small boat\"', '-'),
       (1457, '締', 15, 7, 'tei', ' wring, constrict, strangle', '\"tie, tighten', ' shut'),
       (1458, '諦', 16, 7, 'tei', 'akira(meru)', '\"abandon, give up, resign to, be reconciled to\"',
        '\"abandon, give up, resign to, be reconciled to\"'),
       (1459, '泥', 8, 7, 'dei', 'doro', '\"mud, mire\"', '\"mud, mire, dirt, slush'),
       (1460, '的', 8, 4, 'teki', ' object', '\"mark, target', ' the point. adjective ending\"'),
       (1461, '笛', 11, 3, 'teki', 'fue', 'flute',
        '\"flute, pipe, clarinet, whistle, fife, pitch pipe, bagpipe, piccolo\"'),
       (1462, '摘', 14, 7, 'teki', ' hold in the fingers', '\"pick, pinch', ' summarize\"'),
       (1463, '滴', 14, 7, 'teki', '\"shizuku, shitata(ru)\"', 'drop', '\"drop. drip, trickle\"'),
       (1464, '適', 14, 5, 'teki', '-', 'suitable', '-'),
       (1465, '敵', 15, 5, 'teki', 'kataki', '\"enemy, foe, opponent\"', '\"enemy'),
       (1466, '溺', 13, 7, 'deki', 'obo(reru)', '\"drown, indulge in\"', '\"drown, indulge in\"'),
       (1467, '迭', 8, 7, 'tetsu', '-', 'alternation', '-'),
       (1468, '哲', 10, 7, 'tetsu', '-', 'clear', '-'),
       (1469, '鉄', 13, 3, 'tetsu', ' reddish black, iron blue\"', '\"iron, steel', '-'),
       (1470, '徹', 15, 7, 'tetsu', '-', 'clear', '-'),
       (1471, '撤', 15, 7, 'tetsu', ' disarm (a ship)', '\"withdraw', ' dismantle (a fort)'),
       (1472, '天', 4, 1, 'ten', ' heaven, Providence, God, Nature', '\"sky, air, heavens, celestial sphere, firmament',
        ' destiny'),
       (1473, '典', 8, 4, 'ten', ' law code\"', '\"ceremony, celebration', '-'),
       (1474, '店', 8, 2, 'ten', 'mise', '\"shop, store\"', '\"shop, store, booth\"'),
       (1475, '点', 9, 2, 'ten', ' mark', '\"point', ' score, run'),
       (1476, '展', 10, 6, 'ten', '-', 'expand', '-'),
       (1477, '添', 11, 7, 'ten', ' marry', '\"accompany', ' be added to'),
       (1478, '転', 11, 3, 'ten', '\"koro(garu), koro(geru), koro(gasu), koro(bu)\"', '\"turn, remove, change\"',
        '\"roll over, tumble'),
       (1479, '填', 13, 7, 'ten', ' fall into, plunge into', '\"go into, fit into', ' be deceived\"'),
       (1480, '田', 5, 1, 'den', 'ta', '\"rice field, paddy field\"', '\"rice field, paddy field\"'),
       (1481, '伝', 6, 4, 'den', ' life, biography', '\"legend, tradition', ' commentary'),
       (1482, '殿', 13, 7, '\"den, 	ten\"', '\"tono, dono\"', '\"hall, mansion, palace, temple, rear guard \"',
        '\"mister. lord'),
       (1483, '電', 13, 2, 'den', '-', 'electricity', '-'),
       (1484, '斗', 4, 7, 'to', ' a one-to measure', '\"ten sho (1 to = 4.8 gallons (U.S.)= 18 liters)', ' sake ladle'),
       (1485, '吐', 6, 7, 'to', ' belch, emit', '\"disgorge, vomit', ' give vent to'),
       (1486, '妬', 8, 7, 'to', 'neta(mu)', '\"be jealous of, be envious of\"', '\"be jealous of, be envious of\"'),
       (1487, '徒', 10, 4, 'to', ' people\"', '\"party, set, gang, companions', '-'),
       (1488, '途', 10, 7, 'to', '-', '\"way, road\"', '-'),
       (1489, '都', 11, 3, '\"to, 	tsu\"', 'miyako', '\"capital, metropolis\"', '\"capital, metropolis\"'),
       (1490, '渡', 12, 7, 'to', ' be imported', '\"cross, ford, ferry', ' change hands'),
       (1491, '塗', 13, 7, 'to', ' plaster', '\"paint', ' daub, lacquer \"'),
       (1492, '賭', 16, 7, 'to', 'ka(keru)', 'gambling', '\"wager, place a bet\"'),
       (1493, '土', 3, 1, '\"do, 	to\"', ' Saturday', '\"earth, ground', ' Turkey\"'),
       (1494, '奴', 5, 7, 'do', ' fellow\"', '\"manservant, slave', '-'),
       (1495, '努', 7, 4, 'do', ' exert oneself, endeavor, work, be diligent', '\"serve, fill a post, serve under',
        ' play (the part of) \"'),
       (1496, '度', 9, 3, '\"do, [to], [taku]\"', ' extent, measure, limit', '\"degree', ' a time'),
       (1497, '怒', 9, 7, 'do', '\"ika(ru), oko(ru)\"', '\"become angry, be offended, become excited \"',
        '\"become angry, be offended, become excited\"'),
       (1498, '刀', 2, 2, 'too', 'katana', '\"sword, saber, knife, engraving tool\"', '\"sword, blade\"'),
       (1499, '冬', 5, 2, 'Tou', 'Fuyu', 'Hiver', 'Winter'),
       (1500, '灯', 6, 4, 'too', ' counter for lights\"', '\"lamp, light', 'hi'),
       (1501, '当', 6, 2, 'too', ' himself', '\"right, appropriateness, fairness', ' itself'),
       (1502, '投', 7, 3, 'too', 'na(geru)', 'throw', '\"throw, hurl'),
       (1503, '豆', 7, 3, '\"too, [zu]\"', 'mame', '\"beans, peas, pulse\"', '\"beans, peas, pulse\"'),
       (1504, '東', 8, 2, 'too', 'higashi', 'east', 'east'),
       (1505, '到', 8, 7, 'too', ' arrive, reach, attain', '\"go, proceed, come', ' result in, lead to \"'),
       (1506, '逃', 9, 7, 'too', ' shirk, evade, back out \"', '\"flee, run away, escape',
        '\"ni(geru), ni(gasu), noga(su), noga(reru)\"'),
       (1507, '倒', 10, 7, 'too', ' break down, die, succumb to', '\"fall, collapse, drop', ' fall senseless'),
       (1508, '凍', 10, 7, 'too', ' congeal\"', '\"freeze, be frozen over', '\"koo(ru), kogo(eru)\"'),
       (1509, '唐', 10, 7, 'too', ' China', '\"Tang (dynasty)', ' foreign countries. Chinese'),
       (1510, '島', 10, 3, 'too', 'shima', 'island', 'island'),
       (1511, '桃', 10, 7, 'too', 'momo', 'peach', 'peach'),
       (1512, '討', 10, 6, 'too', 'u(tsu)', '\"attack, defeat, destroy, conquer\"',
        '\"attack, defeat, destroy, conquer\"'),
       (1513, '透', 10, 7, 'too', '\"su(ku), su(kasu), su(keru)\"', '\"permeate, penetrate \"', '\"be transparent'),
       (1514, '党', 10, 6, 'too', ' companions\"', '\"party, faction, clique', '-'),
       (1515, '悼', 11, 7, 'too', 'ita(mu)', '\"grieve over\"', '\"grieve over\"'),
       (1516, '盗', 11, 7, 'too', 'nusu(mu)', 'thief', '\"steal, rob, pilfer\"'),
       (1517, '陶', 11, 7, 'too', '-', '\"porcelain, pottery\"', '-'),
       (1518, '塔', 12, 7, 'too', '-', '\"tower, pagoda, steeple, obelisk, monument\"', '-'),
       (1519, '搭', 12, 7, 'too', ' ride\"', '\"load (a vehicle)', '-'),
       (1520, '棟', 12, 7, 'too', ' counter for buildings\"', '\"ridge, ridgepole', '\"mune, [muna]\"'),
       (1521, '湯', 12, 3, 'too', 'yu', '\"hot water\"', '\"hot water, hot bath, hot spring\"'),
       (1522, '痘', 12, 7, 'too', '-', 'smallpox', '-'),
       (1523, '登', 12, 3, '\"too, 	to\"', ' go to (the capital)', '\"rise, ascend, go up, climb', ' add up to'),
       (1524, '答', 12, 2, 'too', '\"kota(eru), kota(e)\"', 'answer', '\"answer'),
       (1525, '等', 12, 3, 'too', 'hito(shii)', '\"class, grade, degree\"', '\"equal, similar, alike, equivalent\"'),
       (1526, '筒', 12, 7, 'too', 'tsutsu', '\"pipette, tube\"', '\"pipe, tube, case, gun barrel, sleeve, well curb\"'),
       (1527, '統', 12, 5, 'too', ' lineage', '\"relationship', ' beginning\"'),
       (1528, '稲', 14, 7, 'too', '\"ine, [ina]\"', '\"rice plant\"', '\"rice plant\"'),
       (1529, '踏', 15, 7, 'too', ' carry through, practice', '\"step on, trample on, stamp on', ' appraise'),
       (1530, '糖', 16, 6, 'too', '-', 'sugar', '-'),
       (1531, '頭', 16, 2, '\"too, zu, [to]\"', '\"atama, kashira\"', '\"head, counter for large mammals\"', '\"head'),
       (1532, '謄', 17, 7, 'too', '-', 'copy', '-'),
       (1533, '藤', 18, 7, 'too', 'fuji', 'wisteria', 'wisteria'),
       (1534, '闘', 18, 7, 'too', 'tataka(u)', 'fighting', '\"wage war'),
       (1535, '騰', 20, 7, 'too', ' price rise\"', '\"rising', '-'),
       (1536, '同', 6, 2, 'doo', 'ona(ji)', '\"the same, the said, ibid\"', '\"same, identical, equal'),
       (1537, '洞', 9, 7, 'doo', 'hora', 'cavity', '\"cave, den, excavation\"'),
       (1538, '胴', 10, 7, 'doo', ' body armor', '\"torso, trunk (of a body)', ' body (of a suit)'),
       (1539, '動', 11, 3, 'doo', ' change', '\"motion', ' confusion\"'),
       (1540, '堂', 11, 4, 'doo', ' shrine', '\"temple', ' hall'),
       (1541, '童', 12, 3, 'doo', 'warabe', 'child', 'child'),
       (1542, '道', 12, 2, '\"doo, [too]\"', ' road  \"', '\"district, province, prefecture', 'michi'),
       (1543, '働', 13, 4, 'doo', ' do, act, commit, practice', '\"work, labor', ' work on'),
       (1544, '銅', 14, 5, 'doo', '-', 'copper', '-'),
       (1545, '導', 15, 5, 'doo', 'michibi(ku)', 'leading', '\"guide, lead, conduct, usher\"'),
       (1546, '瞳', 17, 7, 'doo', 'hitomi', '\"pupil of the eye\"', '\"pupil of the eye\"'),
       (1547, '峠', 9, 7, '-', 'tooge', '-', '\"mountain pass'),
       (1548, '匿', 10, 7, 'toku', '-', '\"shelter, shield, hide\"', '-'),
       (1549, '特', 10, 4, 'toku', '-', 'special', '-'),
       (1550, '得', 11, 4, 'toku', '\"e(ru), u(ru)\"', '\"profit, advantage, benefit\"',
        '\"get, acquire, acquire, find, earn, win, gain, receive'),
       (1551, '督', 13, 7, 'toku', ' urge\"', '\"command, lead, supervise', '-'),
       (1552, '徳', 14, 5, 'toku', ' good', '\"virtue, goodness', ' gain'),
       (1553, '篤', 16, 7, 'toku', ' serious (illness)\"', '\"kind, cordial, fervent, affectionate', '-'),
       (1554, '毒', 8, 4, 'doku', ' virus, venom, germ, toxin', '\"poison', ' harm, injury'),
       (1555, '独', 9, 5, 'doku', 'hito(ri)', 'alone', '\"alone, on one\'s own\"'),
       (1556, '読', 14, 2, '\"doku, toku, [too]\"', 'yo(mu)', 'reading', '\"read, peruse'),
       (1557, '栃', 9, 7, '-', '[tochi]', '-', '\"horse chestnut\"'),
       (1558, '凸', 5, 7, 'totsu', '-', '\"projecting, beetle brow\"', '-'),
       (1559, '突', 8, 7, 'totsu', 'tsu(ku)', '\"protruding, thrusting\"', '\"thrust, pierce, spear, stab, prick'),
       (1560, '届', 8, 6, '-', '\"todo(keru), todo(ku)\"', '-', '\"reach, arrive, be received'),
       (1561, '屯', 4, 7, 'ton', ' camp\"', '\"police station', '-'),
       (1562, '豚', 11, 7, 'ton', 'buta', 'hog', '\"pig, hog, swine\"'),
       (1563, '頓', 13, 7, 'ton', '-', '\"suddenly, in a hurry, immediately\"', '-'),
       (1564, '貪', 11, 7, 'don', 'musabo(ru)', 'coveting', '\"covet, indulge in\"'),
       (1565, '鈍', 12, 7, 'don', '\"nibu(i), nibu(ru)\"', '\"dullness, slowness, foolishness\"', '\"dull, slow'),
       (1566, '曇', 16, 7, 'don', ' fog up, become dim, be blurred', '\"cloud up', ' be gloomy \"'),
       (1567, '丼', 5, 7, '-', '\"donburi, [don]\"', '-', '\"bowl'),
       (1568, '那', 7, 7, 'na', '-', 'what', '-'),
       (1569, '奈', 8, 7, 'na', '-', 'what', '-'),
       (1570, '内', 4, 2, '\"nai, [dai]\"', 'uchi',
        '\"inside, interior, within, between, among. within, within the scope of \"', '\"inside, interior'),
       (1571, '梨', 11, 7, '-', 'nashi', '-', '\"pear'),
       (1572, '謎', 17, 7, '-', 'nazo', '-', '\"riddle, puzzle, enigma'),
       (1573, '鍋', 17, 7, '-', 'nabe', '-', '\"pan, pot, kettle\"'),
       (1574, '南', 9, 2, '\"nan, [na]\"', 'minami', 'south', 'south'),
       (1575, '軟', 11, 7, 'nan', '\"yawa(raka), yawa(rakai)\"', 'soft', 'soft'),
       (1576, '難', 18, 6, 'nan', ' accident, disaster', '\"trouble, difficulty', ' defect'),
       (1577, '二', 2, 1, 'ni', '\"futa, futa(tsu)\"', '\"two, second\"', 'two'),
       (1578, '尼', 5, 7, 'ni', 'ama', 'nun', 'nun'),
       (1579, '弐', 6, 7, 'ni', '-', '\"two, second\"', '-'),
       (1580, '匂', 4, 7, '-', 'nio(u)', '-', '\"be fragrant, smell'),
       (1581, '肉', 6, 2, 'niku', ' meat', '\"flesh, muscles', ' the flesh'),
       (1582, '虹', 9, 7, '-', 'niji', '-', 'rainbow'),
       (1583, '日', 4, 1, 'Nichi, jitsu', 'Hi, -bi, -ka', 'Jour, soleil, Japon', 'Day, sun, Japan'),
       (1584, '入', 2, 1, 'nyuu', ' flow into', '\"go in, come in', ' set'),
       (1585, '乳', 8, 6, 'nyuu', ' the breasts', '\"milk', ' loop\"'),
       (1586, '尿', 7, 7, 'nyoo', '-', 'urine', '-'),
       (1587, '任', 6, 5, 'nin', ' office', '\"duty, responsibility', ' mission'),
       (1588, '妊', 7, 7, 'nin', ' be pregnant', '\"become pregnant', ' be filled with\"'),
       (1589, '忍', 7, 7, 'nin', ' hide (oneself) \"', '\"bear, endure, put up with', '\"shino(bu), shino(baseru)\"'),
       (1590, '認', 14, 6, 'nin', ' sight', '\"witness', ' discern, authorize, recognize'),
       (1591, '寧', 14, 7, 'nei', '-', 'preferably', '-'),
       (1592, '熱', 15, 4, 'netsu', ' temperature', '\"heat, warmth', ' fever'),
       (1593, '年', 6, 1, 'nen', ' term of service\"', '\"year', 'toshi'),
       (1594, '念', 8, 4, 'nen', ' feeling', '\"sense, idea, thought', ' desire'),
       (1595, '捻', 11, 7, 'nen', ' small gift of money', '\"pinch (of salt)', ' a twist\"'),
       (1596, '粘', 11, 7, 'nen', ' persevere\"', '\"be sticky, be glutinous, be greasy', 'neba(ru)'),
       (1597, '燃', 16, 5, 'nen', '\"mo(eru), mo(yasu), mo(su)\"', 'burn', '\"burn, blaze, glow\"'),
       (1598, '悩', 10, 7, 'noo', '\"naya(mu), naya(masu)\"', '\"distress, illness\"',
        '\"worry, be troubled, be afflicted, be in pain. annoy, embarrass, afflict, worry, oppress, torment \"'),
       (1599, '納', 10, 6, '\"noo, [naQ], [na], [nan], [too]\"', ' dedicate, consecrate', '\"obtain, reap', ' pay'),
       (1600, '能', 10, 5, 'noo', ' noh play, classical drama\"', '\"ability, talent, skill, capacity', '-'),
       (1601, '脳', 11, 6, 'noo', '-', '\"brain, memory\"', '-'),
       (1602, '農', 13, 3, 'noo', ' farmers\"', '\"agriculture', '-'),
       (1603, '濃', 16, 7, 'noo', 'ko(i)', '\"dark, thick, undiluted\"', '\"dark, deep'),
       (1604, '把', 7, 7, 'ha', '-', '\"bundle, bunch, sheaf, coil\"', '-'),
       (1605, '波', 8, 3, 'ha', 'nami', 'wave', '\"wave, billows\"'),
       (1606, '派', 9, 6, 'ha', ' faction, sect', '\"group, party, clique', ' school (of art, etc.)\"'),
       (1607, '破', 10, 5, 'ha', ' break, crush, destroy', '\"tear, rip, rend', ' violate, transgress'),
       (1608, '覇', 19, 7, 'ha', ' supreme ruler', '\"supremacy, leadership, domination, hegemony', ' champion\"'),
       (1609, '馬', 10, 2, 'ba', '\"uma, [ma]\"', 'horse', '\"horse'),
       (1610, '婆', 11, 7, 'ba', ' grandmother\"', '\"old woman', '-'),
       (1611, '罵', 15, 7, 'ba', 'nonoshi(ru)', '\"abuse, insult, speak ill of\"', '\"abuse, insult, speak ill of\"'),
       (1612, '拝', 8, 6, 'hai', 'oga(mu)', 'worship', '\"worship, pray to, adore, reverence'),
       (1613, '杯', 8, 7, 'hai', ' toast, congratulatory cup', '\"cup, glass', ' counter for cupfuls \"'),
       (1614, '背', 9, 6, 'hai', '\"se, sei, somu(ku), somu(keru)\"', '\"back, behind\"',
        '\"act contrary to, go back on, disobey, defy, rebel against, turn one\'s back on. look away from, avert. back, back side'),
       (1615, '肺', 9, 6, 'hai', '-', 'lung', '-'),
       (1616, '俳', 10, 6, 'hai', '-', 'actor', '-'),
       (1617, '配', 10, 3, 'hai', ' spouse', '\"distribute', ' exile'),
       (1618, '排', 11, 7, 'hai', ' push aside, push open', '\"exclude, expel, reject', ' defy'),
       (1619, '敗', 11, 4, 'hai', 'yabu(reru)', '\"defeat, reversal\"', '\"be defeated\"'),
       (1620, '廃', 12, 7, 'hai', ' cessation', '\"obsolescence', ' discarding\"'),
       (1621, '輩', 15, 7, 'hai', ' line\"', '\"fellow, people, companion', '-'),
       (1622, '売', 7, 2, 'bai', '\"u(ru), u(reru)\"', 'selling',
        '\"sell, deal in, betray, deceive, impose on, tell on, pick (a quarrel). be in demand, enjoy a large sale'),
       (1623, '倍', 10, 3, 'bai', ' times, -fold\"', '\"double, twice', '-'),
       (1624, '梅', 10, 4, 'bai', 'ume', '\"plum, plum tree\"', '\"plum, plum tree\"'),
       (1625, '培', 11, 7, 'bai', 'tsuchika(u)', '\"cultivate, foster\"', '\"cultivate, foster\"'),
       (1626, '陪', 11, 7, 'bai', '-', '\"follow, accompany, attend on\"', '-'),
       (1627, '媒', 12, 7, 'bai', '-', 'go-between', '-'),
       (1628, '買', 12, 2, 'Bai', 'Ka.u', 'Acheter', 'Buy'),
       (1629, '賠', 15, 7, 'bai', '-', 'indemnify', '-'),
       (1630, '白', 5, 1, '\"haku, 	byaku\"', '\"shiro, [shira], shiro(i)\"', 'white', '\"white, fair (skin)'),
       (1631, '伯', 7, 7, 'haku', ' earl', '\"count', ' eldest brother'),
       (1632, '拍', 8, 7, '\"haku, [hyoo]\"', '-', '\"beat (in music)\"', '-'),
       (1633, '泊', 8, 7, 'haku', '\"to(maru), to(meru)\"', '\"(three-day) stay\"', '\"stay at, put up at'),
       (1634, '迫', 8, 7, 'haku', ' approach', '\"press for, urge, force, spur on', ' gain on, close in on'),
       (1635, '剥', 10, 7, 'haku', ' fade, discolor\"', '\"come off, peel off, be worn off',
        '\"ha(gasu), ha(gu), ha(gareru), ha(geru)\"'),
       (1636, '舶', 11, 7, 'haku', '-', 'ship', '-'),
       (1637, '博', 12, 4, '\"haku, [baku]\"', ' gain, receive. doctor, PhD', '\"command esteem, win acclaim',
        ' exposition, fair, exhibition\"'),
       (1638, '薄', 16, 7, 'haku', '\"usu(i), usu(meru), usu(maru), usu(ragu), usu(reru)\"',
        '\"thin, weak (tea), light, pale, faint, scanty, ungenerous \"',
        '\"thin, weak (tea), light, pale, faint, scanty, ungenerous. dilute, weaken. thin out, fade, grow pale, be toned down, get dim, cool (emotions), abate, lessen, decline \"'),
       (1639, '麦', 7, 2, 'baku', 'mugi', '\"wheat, barley, oats, rye\"', '\"wheat, barley, oats, rye\"'),
       (1640, '漠', 13, 7, 'baku', ' deserd', '\"vague, obscure', ' wide\"'),
       (1641, '縛', 16, 7, 'baku', 'shiba(ru)', '\"arrest, binding\"',
        '\"bind, tie, fasten, truss, fetter, restrain, chain'),
       (1642, '爆', 19, 7, 'baku', '-', '\"burst open, pop, split\"', '-'),
       (1643, '箱', 15, 3, '-', 'hako', '-', '\"box, case, chest, bin, coffer, railway car \"'),
       (1644, '箸', 15, 7, '-', 'hashi', '-', 'chopsticks'),
       (1645, '畑', 9, 3, '-', '\"hata, hatake\"', '-', '\"field, farm, plantation, garden'),
       (1646, '肌', 6, 7, '-', 'hada', '-', '\"skin, body'),
       (1647, '八', 2, 1, 'hachi', '\"ya, ya(tsu), yat(tsu), [yoo]\"', 'eight', 'eight'),
       (1648, '鉢', 13, 7, '\"[hatsu], 	hachi\"', ' crown, brainpan\"', '\"bowl, rice tub, pot', '-'),
       (1649, '発', 9, 3, '\"hatsu, 	hotsu\"', ' discharge (of a gun)\"', '\"departure', '-'),
       (1650, '髪', 14, 7, 'hatsu', 'kami', '\"the hair\"', '\"the hair\"'),
       (1651, '伐', 6, 7, 'batsu', ' punish\"', '\"strike, attack', '-'),
       (1652, '抜', 7, 7, 'batsu', ' root up', '\"extract, unlock, pull out', ' unsheathe'),
       (1653, '罰', 14, 7, '\"batsu, 	bachi\"', '-', '\"punishment, penalty\"', '-'),
       (1654, '閥', 14, 7, 'batsu', ' clique, faction, clan\"', '\"lineage, pedigree', '-'),
       (1655, '反', 4, 3, '\"han, [hon], [tan]\"', ' anti-. roll of cloth (c. 10yds.)',
        '\"antithesis, opposite, antagonism', ' .245 acres, 300 tsubo\"'),
       (1656, '半', 5, 2, 'han', ' odd number', '\"half', ' semi-, hemi-, demi-\"'),
       (1657, '氾', 5, 7, 'han', ' wide\"', '\"spread out', '-'),
       (1658, '犯', 5, 5, 'han', ' counter for criminal offenses \"', '\"offense, crime', 'oka(su)'),
       (1659, '帆', 6, 7, 'han', 'ho', 'sail', 'sail'),
       (1660, '汎', 6, 7, 'han', '-', 'pan-', '-'),
       (1661, '伴', 7, 7, '\"han, 	ban\"', ' be accompanied by', '\"accompany, bring with', ' be involved in \"'),
       (1662, '判', 7, 5, '\"han, 	ban\"', ' a monogram signature', '\"stamp, seal', ' judgment\"'),
       (1663, '坂', 7, 3, 'han', 'saka', '\"incline, slope, hill\"', '\"incline, slope, hill\"'),
       (1664, '阪', 7, 7, 'han', '-', 'slope', '-'),
       (1665, '板', 8, 3, '\"han, 	ban\"', ' planking', '\"board, plank', ' plate, sheet'),
       (1666, '版', 8, 5, 'han', ' printing', '\"printing block or plate', ' edition, impression'),
       (1667, '班', 10, 6, 'han', ' party, companions, group', '\"corps, unite, squad', ' order\"'),
       (1668, '畔', 10, 7, 'han', '-', '\"rice-paddy ridge, levee\"', '-'),
       (1669, '般', 10, 7, 'han', ' all\"', '\"carry', '-'),
       (1670, '販', 11, 7, 'han', '-', '\"sell, trade\"', '-'),
       (1671, '斑', 12, 7, 'han', '-', 'spot', '-'),
       (1672, '飯', 12, 4, 'Han', 'Meshi', 'Riz cuit, repas', '  Cooked rice, meal'),
       (1673, '搬', 13, 7, 'han', '-', '\"carry, transport\"', '-'),
       (1674, '煩', 13, 7, '\"han, [bon]\"', '\"wazura(u), wazura(wasu)\"', '\"worry, trouble\"', '\"be ill'),
       (1675, '頒', 13, 7, 'han', ' share with', '\"divide, separate', ' distinguish between\"'),
       (1676, '範', 15, 7, 'han', ' limit\"', '\"example, model, pattern', '-'),
       (1677, '繁', 16, 7, 'han', '-', '\"frequency, complexity, trouble \"', '-'),
       (1678, '藩', 18, 7, 'han', ' enclosure\"', '\"feudal clan', '-'),
       (1679, '晩', 12, 6, 'ban', ' the end of all things', '\"evening, night', ' late\"'),
       (1680, '番', 12, 2, 'ban', ' duty', '\"watch, guard', ' number'),
       (1681, '蛮', 12, 7, 'ban', '-', 'barbarian', '-'),
       (1682, '盤', 15, 7, 'ban', ' board', '\"shallow bowl, platter, tray, tub', ' phonograph record\"'),
       (1683, '比', 4, 5, 'hi', ' comparison', '\"ratio', ' an equal, a match \"'),
       (1684, '皮', 5, 3, 'hi', ' hide', '\"skin', ' leather'),
       (1685, '妃', 6, 7, 'hi', '-', '\"queen, princess\"', '-'),
       (1686, '否', 7, 6, 'hi', 'ina', '\"no, noes\"', '\"no, nay\"'),
       (1687, '批', 7, 6, 'hi', '-', 'strike', '-'),
       (1688, '彼', 8, 7, 'hi', ' that\"', '\"he', '\"kare, [kano]\"'),
       (1689, '披', 8, 7, 'hi', '-', 'open', '-'),
       (1690, '肥', 8, 5, 'hi', ' get fertile\"', '\"get fat', '\"ko(eru), koe,ko(yasu), ko(yashi)\"'),
       (1691, '非', 8, 5, 'hi', ' misdeed', '\"mistake', ' injustice'),
       (1692, '卑', 9, 7, 'hi', ' base, mean, vile, vulgar', '\"humble', ' greedy \"'),
       (1693, '飛', 9, 4, 'hi', ' skip (pages)\"', '\"fly', '\"to(bu), to(basu)\"'),
       (1694, '疲', 10, 7, 'hi', 'tsuka(reru)', '\"get tired, grow weary \"', '\"get tired, grow weary \"'),
       (1695, '秘', 10, 6, 'hi', 'hi(meru)', 'secret', '\"conceal, keep a secret\"'),
       (1696, '被', 10, 7, 'hi', 'koomu(ru)', 'receiving',
        '\"get, receive, sustain (an injury), be subjected to (criticism)\"'),
       (1697, '悲', 12, 3, 'hi', '\"kana(shii), kana(shimu)\"', '\"grieve, be sad, deplore, mourn for, regret \"',
        '\"grieve, be sad, deplore, mourn for, regret. sad, pathetic, plaintive \"'),
       (1698, '扉', 12, 7, 'hi', ' title page, front page\"', '\"door', 'tobira'),
       (1699, '費', 12, 4, 'hi', '\"tsui(yasu), tsui(eru)\"', '\"expenses, cost\"',
        '\"spend, consume, waste. become less'),
       (1700, '碑', 14, 7, 'hi', '-', '\"monument, tombstone\"', '-'),
       (1701, '罷', 15, 7, 'hi', ' subside, calm down, pass', '\"end, stop, cease', ' die out, be extinguished'),
       (1702, '避', 16, 7, 'hi', ' evade, shirk, shun \"', '\"avoid, avert, ward off, keep aloof from, stay away from',
        'sa(keru)'),
       (1703, '尾', 7, 7, 'bi', ' end', '\"tail', ' counter for fish\"'),
       (1704, '眉', 9, 7, '\"bi, [mi]\"', 'mayu', 'eyebrow', 'eyebrow'),
       (1705, '美', 9, 3, 'bi', 'utsuku(shii)', '\"beauty, grace, charm\"', '\"beautiful, lovely, fine, good-looking'),
       (1706, '備', 12, 5, 'bi', ' be among, be one of \"', '\"be furnished with, be endowed with, possess',
        '\"sona(eru), sona(waru)\"'),
       (1707, '微', 13, 7, 'bi', ' insignificance', '\"minuteness', ' vagueness'),
       (1708, '鼻', 14, 3, 'bi', 'hana', 'nasal', '\"nose'),
       (1709, '膝', 15, 7, '-', 'hiza', '-', '\"knee'),
       (1710, '肘', 7, 7, '-', 'hiji', '-', '\"elbow'),
       (1711, '匹', 4, 7, 'hitsu', ' roll of cloth \"', '\"head, counter (small animals)', 'hiki'),
       (1712, '必', 5, 4, 'hitsu', 'kanara(zu)', 'certainly', '\"certainly, positively, invariably\"'),
       (1713, '泌', 8, 7, '\"hitsu, 	hi\"', ' soak in', '\"flow', ' penetrate'),
       (1714, '筆', 12, 3, 'hitsu', ' writing, drawing, painting', '\"writing brush, paintbrush', ' the pen'),
       (1715, '姫', 10, 7, '-', 'hime', '-', '\"princess'),
       (1716, '百', 6, 1, 'hyaku', ' a great number', '\"hundred', ' all\"'),
       (1717, '氷', 5, 3, 'hyoo', ' be frozen over', '\"freeze', ' congeal\"'),
       (1718, '表', 8, 3, 'hyoo', '\"omote, arawa(su), arawa(reru)\"', '\"table, schedule, diagram, chart, list \"',
        '\"express, show, manifest. appear, emerge, come in sight, show up'),
       (1719, '俵', 10, 5, 'hyoo', ' bag counter\"', '\"bag, bale, sack', 'tawara'),
       (1720, '票', 11, 4, 'hyoo', ' ballot', '\"label', ' ticket'),
       (1721, '評', 12, 5, 'hyoo', '-', '\"criticism, comment \"', '-'),
       (1722, '漂', 14, 7, 'hyoo', 'tadayo(u)', '\"float (on the water)\"', '\"float (on the water)\"'),
       (1723, '標', 15, 4, 'hyoo', ' mark', '\"signpost', ' target'),
       (1724, '苗', 8, 7, 'byoo', '\"nae, [nawa]\"', '\"seedling, sapling, shoot\"', '\"seedling, sapling, shoot\"'),
       (1725, '秒', 9, 3, 'byoo', '-', '\"one-sixteenth of a minute (of time, latitude, degree, etc.)\"', '-'),
       (1726, '病', 10, 3, '\"byoo, [hei]\"', '\"ya(mu), yamai\"', '\"get sick, be sick, suffer from \"',
        '\"get sick, be sick, suffer from. illness'),
       (1727, '描', 11, 7, 'byoo', ' draw, paint \"', '\"write, compose', '\"ega(ku), ka(ku)\"'),
       (1728, '猫', 11, 7, 'byoo', 'neko', 'cat', 'cat'),
       (1729, '品', 9, 3, 'hin', ' article \"', '\"refinement, dignity', 'shina'),
       (1730, '浜', 10, 7, 'hin', ' fishing village\"', '\"beach, seashore', 'hama'),
       (1731, '貧', 11, 5, '\"hin, 	bin\"', 'mazu(shii)', 'poverty', '\"poor, destitute'),
       (1732, '賓', 15, 7, 'hin', '-', 'guest', '-'),
       (1733, '頻', 17, 7, 'hin', '-', '\"repeat, occur repeatedly\"', '-'),
       (1734, '敏', 10, 7, 'bin', ' alertness\"', '\"agility', '-'),
       (1735, '瓶', 11, 7, 'bin', '-', '\"bottle, vial, jar, flask\"', '-'),
       (1736, '不', 4, 4, '\"fu, 	bu\"', ' bad', '\"negation', ' clumsy'),
       (1737, '夫', 4, 4, '\"fu, [fuu]\"', ' man\"', '\"husband', 'otto'),
       (1738, '父', 4, 2, 'fu', 'chichi', 'father', 'father'),
       (1739, '付', 5, 4, 'fu', ' affix, attach, append \"', '\"give to, submit to, refer to', '\"tsu(keru), tsu(ku)\"'),
       (1740, '布', 5, 5, 'fu', 'nuno', 'cloth', 'cloth'),
       (1741, '扶', 7, 7, 'fu', ' save, rescue', '\"help', ' give relief to'),
       (1742, '府', 8, 4, 'fu', ' government office', '\"urban prefecture', ' representative body'),
       (1743, '怖', 8, 7, 'fu', ' be timid', '\"fear, be frightened', ' get nervous \"'),
       (1744, '阜', 8, 7, '[fu]', ' mound\"', '\"hill', '-'),
       (1745, '附', 8, 7, 'fu', ' affix, attach, append \"', '\"give to, submit to, refer to', '-'),
       (1746, '訃', 9, 7, 'fu', '-', '\"obituary, report of a death\"', '-'),
       (1747, '負', 9, 3, 'fu', ' minus sign \"', '\"negative, minus', '\"ma(keru), ma(kasu), o(u)\"'),
       (1748, '赴', 9, 7, 'fu', ' get, become, tend toward\"', '\"proceed to', 'omomu(ku)'),
       (1749, '浮', 10, 7, 'fu', ' be cheered up', '\"float, be floated, rise to the surface',
        ' be set on edge, feel loose (teeth)'),
       (1750, '婦', 11, 5, 'fu', ' wife', '\"woman', ' bride\"'),
       (1751, '符', 11, 7, 'fu', ' charm, amulet\"', '\"sign, mark, tally', '-'),
       (1752, '富', 12, 5, '\"fu, [fuu]\"', '\"to(mu), tomi\"', 'enrich', '\"be rich, become wealthy'),
       (1753, '普', 12, 7, 'fu', '-', '\"widely, generally\"', '-'),
       (1754, '腐', 14, 7, 'fu', ' turn sour', '\"rot, decay', ' fester'),
       (1755, '敷', 15, 7, 'fu', ' pave', '\"spread', ' sit (on a cushion)'),
       (1756, '膚', 15, 7, 'fu', ' grain, texture', '\"skin, body', ' disposition\"'),
       (1757, '賦', 15, 7, 'fu', ' tribute, exacted service', '\"ode, prose poem, poetical prose', ' installment \"'),
       (1758, '譜', 19, 7, 'fu', ' album, record, table', '\"music, note, staff, score', ' genealogy\"'),
       (1759, '侮', 8, 7, 'bu', 'anado(ru)', '\"despise, make light of\"', '\"despise, make light of\"'),
       (1760, '武', 8, 5, '\"bu, 	mu\"', '-',
        '\"military affairs, military arts, chivalry, military glory, military power, arms\"', '-'),
       (1761, '部', 11, 3, 'bu', ' faculty', '\"department, bureau, section', ' division, class, category'),
       (1762, '舞', 15, 7, 'bu', ' flutter about, flit', '\"dance', ' circle, wheel \"'),
       (1763, '封', 9, 7, '\"fuu, 	hoo\"', ' sealing', '\"seal', ' closing. fief\"'),
       (1764, '風', 9, 2, '\"fuu, [fu]\"', ' air, look, appearance, bearing, mien, deportment', '\"wind',
        ' manners, custom'),
       (1765, '伏', 6, 7, 'fuku', '\"fu(seru), fu(su)\"', '\"bend down, bow down, lie prostrate \"',
        '\"bend down, bow down, lie prostrate. turn over, lay face down'),
       (1766, '服', 8, 3, 'fuku', '-', '\"dress, costume, clothes, garment, suit, uniform\"', '-'),
       (1767, '副', 11, 4, 'fuku', ' assistant, associate \"', '\"duplicate, copy', '-'),
       (1768, '幅', 12, 7, 'fuku', ' width', '\"hanging scroll, picture', ' counter for scrolls \"'),
       (1769, '復', 12, 5, 'fuku', ' revenge', '\"return to, revert to, be restored to, resume (one\'s duties)',
        ' reward \"'),
       (1770, '福', 13, 3, 'fuku', ' food which has been offered to gods\"', '\"fortune, blessing, luck, wealth', '-'),
       (1771, '腹', 13, 6, 'fuku', 'hara', '\"belly, stomach \"', '\"abdomen, belly, bowels, stomach'),
       (1772, '複', 14, 5, 'fuku', '-', '\"double, compound, composite, multiple\"', '-'),
       (1773, '覆', 18, 7, 'fuku', ' fall', '\"overturn, capsize', ' be ruined \"'),
       (1774, '払', 5, 7, 'futsu', ' prune', '\"clear out, sweep away, wipe off, brush off, drive away, banish',
        ' parry'),
       (1775, '沸', 8, 7, 'futsu', ' ferment', '\"boil, get hot', ' seethe'),
       (1776, '仏', 4, 5, 'butsu', 'hotoke', '\"Buddha, Buddhism\"', '\"Buddha'),
       (1777, '物', 8, 3, '\"butsu, 	motsu\"', ' somebody, something, success', '\"thing, object, matter',
        ' reason \"'),
       (1778, '粉', 10, 4, 'fun', 'ko,kona', '\"dust, powder\"', '\"flour, meal, powder \"'),
       (1779, '紛', 10, 7, 'fun', ' go astray', '\"be mistaken for, be confused with', ' be diverted from \"'),
       (1780, '雰', 12, 7, 'fun', '-', 'fog', '-'),
       (1781, '噴', 15, 7, 'fun', 'fu(ku)', '\"spout, emit, flush out\"', '\"spout, emit, flush out\"'),
       (1782, '墳', 15, 7, 'fun', ' tomb\"', '\"mound', '-'),
       (1783, '憤', 15, 7, 'fun', 'ikidoo(ru)', '\"resent, be indignant, become angry \"',
        '\"resent, be indignant, become angry \"'),
       (1784, '奮', 16, 6, 'fun', 'furu(u)', '\"be invigorated, be spirited, flourish\"',
        '\"be invigorated, be spirited, flourish\"'),
       (1785, '分', 4, 2, '\"bun, fun, bu\"', ' part, segment', '\"dividing', ' share'),
       (1786, '文', 4, 1, '\"bun, 	mon\"', ' crest', '\"1/100 of a hyakume',
        ' figures. literary text, production, composition'),
       (1787, '聞', 14, 2, '\"bun, 	mon\"', ' learn of', '\"hear, listen to', ' inquire'),
       (1788, '丙', 5, 7, 'hei', '-', '\"C, third\"', '-'),
       (1789, '平', 5, 3, '\"hei, 	byoo\"', '\"tai(ra), hira\"', '\"level, peaceful\"', '\"flat, smooth'),
       (1790, '兵', 7, 4, '\"hei, 	hyoo\"', ' troops, army', '\"soldier, private', ' warfare'),
       (1791, '併', 8, 7, 'hei', 'awa(seru)', '\"get together, unite \"', '\"get together, unite \"'),
       (1792, '並', 8, 6, 'hei', ' rank with, rival, equal \"', '\"line up, be in a row',
        '\"nami, mara(beru), nara(bu), nara(bini)\"'),
       (1793, '柄', 9, 7, 'hei', '\"gara, e\"',
        '\"handle, crank, grip, hilt, shaft, knob, spoke (of steering wheel on a ship) \"',
        '\"handle, crank, grip, hilt, shaft, knob, spoke (of steering wheel on a ship). pattern, design'),
       (1794, '陛', 10, 6, 'hei', '-', '\"steps (of the throne)\"', '-'),
       (1795, '閉', 11, 6, 'hei', '\"to(jiru), to(zasu), shi(meru), shi(maru)\"', '\"shut, close\"',
        '\"shut, close. lock, fasten'),
       (1796, '塀', 12, 7, 'hei', '-', '\"wall, fence\"', '-'),
       (1797, '幣', 15, 7, 'hei', ' bad habit', '\"Shinto zigzag paper offerings', ' humble prefix'),
       (1798, '弊', 15, 7, 'hei', ' breakage', '\"evil, abuse, vice, bad custom', ' our (humble)'),
       (1799, '蔽', 15, 7, 'hei', ' shade', '\"cover, covering', ' mantle, coat'),
       (1800, '餅', 15, 7, 'hei', 'mochi', '\"rice cake\"', '\"rice cake\"'),
       (1801, '米', 6, 2, '\"bei, 	mai\"', 'kome', '\"rice, U.S.A.\"', 'rice'),
       (1802, '壁', 16, 7, 'heki', ' lining (of the stomach)', '\"wall', ' fence'),
       (1803, '璧', 18, 7, 'heki', '-', '\"ball, bowl, sphere, bulb\"', '-'),
       (1804, '癖', 18, 7, 'heki', 'kuse', 'habit', '\"habit, peculiality, vice, trait, fault'),
       (1805, '別', 7, 4, 'betsu', ' isolate', '\"divide, split, separate', ' distribute, share'),
       (1806, '蔑', 14, 7, 'betsu', 'sagesu(mu)', '\"ignore, despise, neglect, ridicule\"', '\"despise, ridicule\"'),
       (1807, '片', 4, 6, 'hen', 'kata', '\"leaf, sheet, petal, flake\"', '\"one (eye, etc.)'),
       (1808, '辺', 5, 4, 'hen', ' boundary, border', '\"side', ' beach'),
       (1809, '返', 7, 3, 'hen', '\"kae(su), kae(ru)\"', 'answer', '\"go back'),
       (1810, '変', 9, 4, 'hen', ' accident, calamity', '\"change', ' uprising'),
       (1811, '偏', 11, 7, 'hen', ' left radical of a character', '\"side', ' inclining\"'),
       (1812, '遍', 12, 7, 'hen', '-', 'times', '-'),
       (1813, '編', 15, 5, 'hen', ' completed poem', '\"compilation, editing', ' a book'),
       (1814, '弁', 5, 5, 'ben', ' oratory \"', '\"braid. petal, valve. discrimination. speech, dialect', '-'),
       (1815, '便', 9, 4, '\"ben, 	bin\"', ' excreta, stools', '\"convenience, facility', ' evacuation. chance'),
       (1816, '勉', 10, 3, 'ben', ' exert oneself, endeavor, work, be diligent', '\"serve, fill a post, serve under',
        ' play (the part of) \"'),
       (1817, '歩', 8, 2, '\"ho, bu, [fu]\"', ' foot soldier. rate, six feet square, tsubo', '\"step, pace',
        ' change of winning. pawn (in Japanese chess) \"'),
       (1818, '保', 9, 5, 'ho', 'tamo(tsu)', 'guarantee', '\"keep, preserve, hold, retain, maintain'),
       (1819, '哺', 10, 7, 'ho', '-', '\"taking in the mouth\"', '-'),
       (1820, '捕', 10, 7, 'ho', '\"to(raeru), to(rawareru), to(ru), tsuka(maeru), tsuka(maru)\"',
        '\"catch, arrest, capture \"', '\"catch, arrest, capture. be caught, be captured. be arrested'),
       (1821, '補', 12, 6, 'ho', 'ogina(u)', '\"assistant, learner\"',
        '\"supply, make good, make up (losses), stop (a gap), offset, piece out'),
       (1822, '舗', 15, 7, 'ho', '-', '\"shop, store\"', '-');
insert into kanji (id, kanji, lignes, grade, on_yomi, kun_yomi, sens, sens_en)
values (1823, '母', 5, 2, 'bo', ' cause', '\"mother', ' motive\"'),
       (1824, '募', 12, 7, 'bo', ' campaign (for students)', '\"gather (contributions)', ' float (a loan)'),
       (1825, '墓', 13, 5, 'bo', 'haka', '\"grave, tomb\"', '\"grave, tomb\"'),
       (1826, '慕', 14, 7, 'bo', 'shita(u)', '\"yearn for, love dearly, adore, follow\"',
        '\"yearn for, love dearly, adore, follow\"'),
       (1827, '暮', 14, 6, 'bo', ' spend (one\'s time) \"', '\"live, make a living', '\"ku(reru), ku(rasu)\"'),
       (1828, '簿', 19, 7, 'bo', '-', '\"record, book\"', '-'),
       (1829, '方', 4, 2, 'hoo', ' side', '\"direction, way', ' part'),
       (1830, '包', 5, 4, 'hoo', ' cover with', '\"wrap, pack up', ' dress in'),
       (1831, '芳', 7, 7, 'hoo', 'kanba(shii)', 'fragrance', '\"fragrant, balmy, favorable\"'),
       (1832, '邦', 7, 7, 'hoo', '-', 'country', '-'),
       (1833, '奉', 8, 7, '\"hoo, [bu]\"', ' obey, follow, believe in, serve \"', '\"present, dedicate',
        'tatematsu(ru)'),
       (1834, '宝', 8, 6, 'hoo', 'takara', 'treasure', '\"treasure, valuables'),
       (1835, '抱', 8, 7, 'hoo', ' sit (on eggs) \"', '\"hug, embrace, hold in the arms',
        '\"da(ku), ida(ku), kaka(eru)\"'),
       (1836, '放', 8, 3, 'hoo', ' circulate (rumors)', '\"set free, release, fire, shoot', ' emit, give out'),
       (1837, '法', 8, 4, '\"hoo, [haQ], [hoQ]\"', ' legislation, regulation', '\"law, rule, principle', ' code'),
       (1838, '泡', 8, 7, 'hoo', 'awa', '\"bubble, foam, froth, scum, suds \"', '\"bubble, foam, froth, scum, suds \"'),
       (1839, '胞', 9, 7, 'hoo', ' placenta\"', '\"theca, sac, sheath, case', '-'),
       (1840, '俸', 10, 7, 'hoo', '-', 'salary', '-'),
       (1841, '倣', 10, 7, 'hoo', 'nara(u)', '\"imitate, follow, emulate\"', '\"imitate, follow, emulate\"'),
       (1842, '峰', 10, 7, 'hoo', ' back (of a sword)\"', '\"peak, summit, top', 'mine'),
       (1843, '砲', 10, 7, 'hoo', ' gunnery, ordnance, artillery \"', '\"gun, cannon, battery', '-'),
       (1844, '崩', 11, 7, 'hoo', '\"kuzu(reru), kuzu(su)\"', 'die', '\"demolish, destroy level (a hill)'),
       (1845, '訪', 11, 6, 'hoo', '\"otozu(reru), tazu(neru)\"', '\"visit, call on\"', '\"visit, call on. look up\"'),
       (1846, '報', 12, 5, 'hoo', ' reward, retribution \"', '\"news, report', 'muku(iru)'),
       (1847, '蜂', 13, 7, 'hoo', 'hachi', '\"bee, wasp, hornet\"', '\"bee, wasp, hornet\"'),
       (1848, '豊', 13, 5, 'hoo', 'yuta(ka)', '\"abundant, rich, fruitful\"', '\"abundant, rich, fruitful\"'),
       (1849, '飽', 13, 7, 'hoo', '\"a(kiru), a(kasu)\"', '\"get tired of, lose interest in, have enough \"',
        '\"get tired of, lose interest in, have enough. satiate, surfeit'),
       (1850, '褒', 15, 7, 'hoo', 'ho(meru)', '\"praise, extol\"', '\"praise, commend\"'),
       (1851, '縫', 16, 7, 'hoo', 'nu(u)', '\"sew, stich, embroider\"', '\"sew, stich, embroider\"'),
       (1852, '亡', 3, 6, '\"boo, [moo]\"', ' dying', '\"my late, the late', ' being destroyed \"'),
       (1853, '乏', 4, 7, 'boo', ' destitute, hard up \"', '\"meager, scarce, limited', 'tobo(shii)'),
       (1854, '忙', 6, 7, 'boo', 'isoga(shii)', '\"busy, occupied\"', '\"busy, occupied\"'),
       (1855, '坊', 7, 7, '\"boo, [boQ]\"', ' (Buddhist) priest', '\"priest\'s residence', ' boy\"'),
       (1856, '妨', 7, 7, 'boo', 'samata(geru)', '\"disturb, prevent, hamper, hinder, obstruct\"',
        '\"disturb, prevent, hamper, hinder, obstruct\"'),
       (1857, '忘', 7, 6, 'boo', ' be forgetful of', '\"forget', ' forget about'),
       (1858, '防', 7, 5, 'boo', ' resist', '\"defend, protect', ' keep away, shut out, ward off'),
       (1859, '房', 8, 7, 'boo', ' tassel\"', '\"house, room', 'fusa'),
       (1860, '肪', 8, 7, 'boo', '-', 'fat', '-'),
       (1861, '某', 9, 7, 'boo', ' that person', '\"one, a certain', ' that thing  \"'),
       (1862, '冒', 9, 7, 'boo', ' (diseases) attack', '\"risk, face, defy, dare', ' damage'),
       (1863, '剖', 10, 7, 'boo', '-', 'divide', '-'),
       (1864, '紡', 10, 7, 'boo', 'tsumu(gu)', '\"spin, make yarn\"', '\"spin, make yarn\"'),
       (1865, '望', 11, 4, '\"boo, 	moo\"', ' hope\"', '\"full moon', 'nozo(mu)'),
       (1866, '傍', 12, 7, 'boo', ' besides', '\"side', ' while\"'),
       (1867, '帽', 12, 7, 'boo', '-', '\"cap, headgear\"', '-'),
       (1868, '棒', 12, 6, 'boo', ' line, dash\"', '\"stick, cane, rod, pole, stake, pile, club, bar', '-'),
       (1869, '貿', 12, 5, 'boo', '-', 'exchange', '-'),
       (1870, '貌', 14, 7, 'boo', ' countenance\"', '\"form, appearance', '-'),
       (1871, '暴', 15, 5, '\"boo, [baku]\"', '\"aba(ku), aba(reru)\"', '\"violence, force, outrage, cruelty\"',
        '\"rage, rave, fret'),
       (1872, '膨', 16, 7, 'boo', ' get thick, swell \"', '\"get fat', '\"fuku(ramu), fuku(reru)\"'),
       (1873, '謀', 16, 7, '\"boo, [mu]\"', ' counsel with', '\"plan, devise, scheme', ' have in mind'),
       (1874, '頬', 16, 7, 'hoo', '-', 'cheek', '-'),
       (1875, '北', 5, 2, 'hoku', 'kita', 'north', 'north'),
       (1876, '木', 4, 1, '\"boku, 	moku\"', '\"ki, [ko]\"', '\"tree, Thursday\"', '\"tree'),
       (1877, '朴', 6, 7, 'boku', ' docile\"', '\"simple, plain', '-'),
       (1878, '牧', 8, 4, 'boku', 'maki', '\"care for, shepherd, feed\"', 'pasture'),
       (1879, '睦', 13, 7, 'boku', '-', '\"friendly, intimate, harmonious\"', '-'),
       (1880, '僕', 14, 7, 'boku', '-', '\"manservant, I (used by male speakers) \"', '-'),
       (1881, '墨', 14, 7, 'boku', ' ink stick', '\"India ink, Chinese ink', ' inked marking string'),
       (1882, '撲', 15, 7, 'boku', ' clap (one\'s hands)', '\"strike, hit, beat, knock, slap, punch, thrash, smite',
        ' beat (a drum)'),
       (1883, '没', 7, 7, 'botsu', ' hide, be hidden, fall into', '\"sink, set, go down', ' disappear'),
       (1884, '勃', 9, 7, 'botsu', ' rise\"', '\"suddenness', '-'),
       (1885, '堀', 11, 7, '-', 'hori', '-', '\"moat, canal, ditch\"'),
       (1886, '本', 5, 1, 'hon', ' this, the same, the present, the current', '\"book', ' main'),
       (1887, '奔', 8, 7, 'hon', '-', 'run', '-'),
       (1888, '翻', 18, 7, 'hon', '\"hirugae(ru), hirugae(su)\"', '\"turn over, wave, flutter \"',
        '\"turn over, wave, flutter. change (one\'s mind)'),
       (1889, '凡', 3, 7, '\"bon, [han]\"', '-', 'mediocrity', '-'),
       (1890, '盆', 9, 7, 'bon', ' Festivals of the Dead', '\"Lantern Festival', ' tray\"'),
       (1891, '麻', 11, 7, 'ma', 'asa', '\"flax, hemp, ramie, jute, linen\"', '\"flax, hemp, ramie, jute, linen\"'),
       (1892, '摩', 15, 7, 'ma', ' rub off', '\"rub', ' polish'),
       (1893, '磨', 16, 7, 'ma', ' shine (shoes)', '\"polish, scour', ' brush (teeth)'),
       (1894, '魔', 21, 7, 'ma', '-', '\"demon, devil, evil spirit\"', '-'),
       (1895, '毎', 6, 2, 'mai', '-', '\"each, every, at an interval of, whenever. Apiece\"', '-'),
       (1896, '妹', 8, 2, 'mai', 'imooto', '\"younger sister\"', '\"younger sister\"'),
       (1897, '枚', 8, 6, 'mai', '-', '\"counter for thin flat things, page, leaf (of a book), sheet\"', '-'),
       (1898, '昧', 9, 7, 'mai', ' foolish\"', '\"dark', '-'),
       (1899, '埋', 10, 7, 'mai', '\"u(meru), u(maru), u(moreru)\"', '\"be filled up, be buried, be imbedded in \"',
        '\"be filled up, be buried, be imbedded in. bury, inter, fill up, pour in, plug up, inlay'),
       (1900, '幕', 13, 6, '\"maku, 	baku\"', ' bunting', '\"curtain', ' an act (in a play)'),
       (1901, '膜', 14, 7, 'maku', '-', 'membrane', '-'),
       (1902, '枕', 8, 7, '-', 'makura', '-', 'pillow'),
       (1903, '又', 2, 7, '-', 'mata', '-', '\"again, and, furthermore'),
       (1904, '末', 5, 4, '\"matsu, 	batsu\"', ' powder\"', '\"end', 'sue'),
       (1905, '抹', 8, 7, 'matsu', '-', '\"paint, erase, rub\"', '-'),
       (1906, '万', 3, 2, '\"man, 	ban\"', ' myriad. fully', '\"ten thousand', ' if by any chance\"'),
       (1907, '満', 12, 4, 'man', ' pride. full, fully, fulfillment', '\"fullness, enough', ' a full (year)'),
       (1908, '慢', 14, 7, 'man', ' ridicule\"', '\"lazinss', '-'),
       (1909, '漫', 14, 7, 'man', '-', '\"involuntarily, in spite of oneself\"', '-'),
       (1910, '未', 5, 4, 'mi', '-', '\"not yet. un-, not\"', '-'),
       (1911, '味', 8, 3, 'mi', ' touch, tinge', '\"taste, flavor, dash', ' counter for foods and drinks  \"'),
       (1912, '魅', 15, 7, 'mi', '-', '\"charm, fascinate, bewitch, enchant \"', '-'),
       (1913, '岬', 8, 7, '-', 'misaki', '-', '\"cape, spit, promontory\"'),
       (1914, '密', 11, 6, 'mitsu', ' minuteness', '\"secrecy, denseness (of population)', ' carefulness'),
       (1915, '蜜', 14, 7, 'mitsu', '-', '\"honey, nectar, molasses, honeydew\"', '-'),
       (1916, '脈', 10, 4, 'myaku', ' blood vessel', '\"vein (of ore)', ' pulse'),
       (1917, '妙', 7, 7, 'myoo', ' mystery, miracle', '\"strange, queer', ' cleverness \"'),
       (1918, '民', 5, 4, 'min', 'tami', '\"people, nation, subjects\"', '\"people, nation, subjects\"'),
       (1919, '眠', 10, 7, 'min', '\"nemu(ru), nemu(i)\"', 'sleep', '\"sleep, die. sleepy, drowsy, lethargic\"'),
       (1920, '矛', 5, 7, 'mu', ' arms', '\"halberd', ' festival car, float \"'),
       (1921, '務', 11, 5, 'mu', ' exert oneself, endeavor, work, be diligent', '\"serve, fill a post, serve under',
        ' play (the part of) \"'),
       (1922, '無', 12, 4, '\"mu, 	bu\"', 'na(i)', '\"nothing, nil, negation\"', '\"if there were none'),
       (1923, '夢', 13, 5, 'mu', ' illusion, delusion', '\"dream, vision', ' reverie\"'),
       (1924, '霧', 19, 7, 'mu', 'kiri', '\"mist, fog, spray\"', '\"mist, fog, spray\"'),
       (1925, '娘', 10, 7, '-', 'musume', '-', '\"daughter, girl, young woman\"'),
       (1926, '名', 6, 1, '\"mei, 	myoo\"', 'na', '\"distinguished, noted, wise, name\"', '\"name'),
       (1927, '命', 8, 3, '\"mei, 	myoo\"', ' destiny, life, \"', '\"command, decree', 'inochi'),
       (1928, '明', 8, 2, '\"mei, 	myoo\"', ' eyesight', '\"clearness, shining',
        ' discernment. next (week), tomorrow (morning) \"'),
       (1929, '迷', 9, 5, 'mei', ' be tempted', '\"be perplexed, be in doubt, hesitate, vacillate, go astray, err',
        ' be infatuated'),
       (1930, '冥', 10, 7, '\"mei, myoo\"', '-', 'dark', '-'),
       (1931, '盟', 13, 6, 'mei', ' alliance\"', '\"oath', '-'),
       (1932, '銘', 14, 7, 'mei', ' precept, motto \"', '\"inscription, signature (of an artisan)', '-'),
       (1933, '鳴', 14, 2, 'mei', '\"na(ku), na(ru), na(rasu)\"', '\"(animals and birds) cry, bark, chirp, etc, \"',
        '\"(animals and birds) cry, bark, chirp, etc. sound, ring, roar'),
       (1934, '滅', 13, 7, 'metsu', ' perish\"', '\"be ruined', '\"horo(biru), horo(bosu)\"'),
       (1935, '免', 8, 7, 'men', 'manuka(reru)', 'dismissal',
        '\"escape from, be rescued from, avoid, evade, avert, elude, be exempted, be relieved from pain, get rid of \"'),
       (1936, '面', 9, 3, 'men', ' mask, face guard', '\"face features', ' surface'),
       (1937, '綿', 14, 5, 'men', ' cotton thread', '\"cotton', ' cotton cloth\"'),
       (1938, '麺', 16, 7, 'men', ' wheat flour\"', '\"noodles', '-'),
       (1939, '茂', 8, 7, 'mo', 'shige(ru)', '\"grow thick, be overgrown, be luxuriant\"',
        '\"grow thick, be overgrown, be luxuriant\"'),
       (1940, '模', 14, 6, '\"mo, 	bo\"', '-', '\"copy, imitate, mock\"', '-'),
       (1941, '毛', 4, 2, 'moo', 'ke', '\"hair, tenth of a rin\"', '\"hair, fur, feather, down\"'),
       (1942, '妄', 6, 7, '\"moo, 	boo\"', '-',
        '\"without authority, without reason, arbitrarily, unnecessarily, indiscriminately, recklessly\"', '-'),
       (1943, '盲', 8, 7, 'moo', '-', 'blindness', '-'),
       (1944, '耗', 10, 7, '\"moo, [koo]\"', '-', 'decrease', '-'),
       (1945, '猛', 11, 7, 'moo', ' strength\"', '\"wildness, fierceness', '-'),
       (1946, '網', 14, 7, 'moo', 'ami', '\"net, network\"', '\"net, netting\"'),
       (1947, '目', 5, 1, '\"moku, [boku]\"', ' order (of plants or animals)\"', '\"item, division, class',
        '\"me, [ma]\"'),
       (1948, '黙', 15, 7, 'moku', 'dama(ru)', '\"keeping silence\"', '\"become silent, stop speaking, say nothing \"'),
       (1949, '門', 8, 2, 'mon', ' private school', '\"gate, gateway', ' class'),
       (1950, '紋', 10, 7, 'mon', ' (textile) figures\"', '\"crest', '-'),
       (1951, '問', 11, 3, 'mon', '\"to(u), to(i), [ton]\"', '\"question, problem, subject, discussion \"',
        '\"ask, question, inquire'),
       (1952, '冶', 7, 7, 'ya', '-', 'melting', '-'),
       (1953, '夜', 8, 2, 'ya', '\"yo, yoru\"', 'night', '\"evening, night, nighttime'),
       (1954, '野', 11, 2, 'ya', ' the Opposition', '\"field, plain', ' civilian life'),
       (1955, '弥', 8, 7, '-', 'ya', '-', '\"all the more, increasingly\"'),
       (1956, '厄', 4, 7, 'yaku', '-', '\"misfortune, bad luck, evil, disaster\"', '-'),
       (1957, '役', 7, 3, '\"eki, 	yaku\"', ' exacted unpaid labor. office, post, position, appointment, duty',
        '\"war, campaign, battle, expedition', ' role'),
       (1958, '約', 9, 4, 'yaku', ' approximately', '\"promise, vow', ' abridgment\"'),
       (1959, '訳', 11, 6, 'yaku', 'wake', 'translation', '\"meaning, sense'),
       (1960, '薬', 16, 3, 'yaku', 'kusuri', 'medicine', '\"medicine'),
       (1961, '躍', 21, 7, 'yaku', ' leap, skip', '\"dance', ' throb (the heart)'),
       (1962, '闇', 17, 7, '-', 'yami', '-', '\"darkness'),
       (1963, '由', 5, 3, '\"yu, yuu, [yui]\"', 'yoshi', '\"depend on\"', '\"reason, cause, significance'),
       (1964, '油', 8, 3, 'yu', 'abura', 'oil', 'oil'),
       (1965, '喩', 12, 7, 'yu', '-', '\"compare, illustrate, speak figuratively\"', '-'),
       (1966, '愉', 12, 7, 'yu', '-', 'rejoice', '-'),
       (1967, '諭', 16, 7, 'yu', ' make known to\"', '\"admonish, charge, remonstrate with, counsel, persuade, warn',
        'sato(su)'),
       (1968, '輸', 16, 5, 'yu', '-', '\"send, transport\"', '-'),
       (1969, '癒', 18, 7, 'yu', ' quench (thirst)', '\"heal, cure', ' wreak (vengeance)\"'),
       (1970, '唯', 11, 7, '\"yui, [i]\"', '-', '\"only, merely, solely, simply \"', '-'),
       (1971, '友', 4, 2, 'yuu', 'tomo', '\"friend, companion, pal\"', '\"friend, companion, pal\"'),
       (1972, '有', 6, 3, '\"yuu, 	u\"', 'a(ru)', '\"possession. being, existence \"', '\"there is, have, exist'),
       (1973, '勇', 9, 4, 'yuu', 'isa(mu)', '\"bravery,courage, heroism\"', '\"cheer up, be in high spirits\"'),
       (1974, '幽', 9, 7, 'yuu', '-', '\"confine to a room\"', '-'),
       (1975, '悠', 11, 7, 'yuu', ' leisure\"', '\"distant, longtime', '-'),
       (1976, '郵', 11, 6, 'yuu', ' mail\"', '\"stagecoach stop', '-'),
       (1977, '湧', 12, 7, 'yuu', ' ferment', '\"boil, get hot', ' seethe'),
       (1978, '猶', 12, 7, 'yuu', ' just like \"', '\"further, furthermore, still, still more, yet', '-'),
       (1979, '裕', 12, 7, 'yuu', '-', '\"abundant, rich, fruitful, fertile\"', '-'),
       (1980, '遊', 12, 3, '\"yuu, [yu]\"', ' enjoy oneself', '\"play', ' visit'),
       (1981, '雄', 12, 7, 'yuu', ' hero', '\"male', ' great leader'),
       (1982, '誘', 14, 7, 'yuu', ' call for', '\"invite, ask', ' provoke, cause'),
       (1983, '憂', 15, 7, 'yuu', '\"ure(eru), ure(i), u(i)\"', '\"grieve, lament, be anxious\"',
        '\"grieve, lament, be anxious. sad, unhappy, gloomy. distress, sorrow, trouble, anxiety, grief\"'),
       (1984, '融', 16, 7, 'yuu', '-', '\"dissolve, melt\"', '-'),
       (1985, '優', 17, 6, 'yuu', ' superiority', '\"actor', ' gentleness\"'),
       (1986, '与', 3, 7, 'yo', 'ata(eru)', '\"give, award, impart, provide, allot, cause (pain or damage) \"',
        '\"give, award, impart, provide, allot, cause (pain or damage) \"'),
       (1987, '予', 4, 3, 'yo', '-', '\"I, myself, the writer\"', '-'),
       (1988, '余', 7, 5, 'yo', ' surplus, other', '\"I, myself, the writer', ' remainder. over, more than\"'),
       (1989, '誉', 13, 7, 'yo', 'homa(re)', 'praise', '\"honor, glory\"'),
       (1990, '預', 13, 5, 'yo', '\"azu(keru), azu(karu)\"',
        '\"place in custody, deposit, leave with, entrust with, commit to, give \"',
        '\"place in custody, deposit, leave with, entrust with, commit to, give. take charge of'),
       (1991, '幼', 5, 6, 'yoo', ' infants, children\"', '\"infancy, childhood', 'osana(i)'),
       (1992, '用', 5, 2, 'yoo', ' function', '\"business, work', ' errand'),
       (1993, '羊', 6, 3, 'yoo', 'hitsuji', 'sheep', 'sheep'),
       (1994, '妖', 7, 7, 'yoo', ' calamity\"', '\"attractive, bewitching', 'aya(shii)'),
       (1995, '洋', 9, 3, 'yoo', '-', '\"ocean, sea, channel. foreign, Western, European\"', '-'),
       (1996, '要', 9, 4, 'yoo', ' aim', '\"main point, essence', ' secret'),
       (1997, '容', 10, 5, 'yoo', ' looks\"', '\"form', '-'),
       (1998, '庸', 11, 7, 'yoo', ' tax paid in labor', '\"ordinary', ' employment\"'),
       (1999, '揚', 12, 7, 'yoo', '\"a(geru), a(garu)\"', 'praise', '\"rise, go up'),
       (2000, '揺', 12, 7, 'yoo', '\"yu(reru), yu(ru), yu(ragu), yu(rugu), yu(suru), yu(saburu), yu(suburu)\"',
        '\"shake, sway, rock, roll, pitch, tremble, quake, flicker, vibrate, jolt\"',
        '\"shake, sway, rock, roll, pitch, tremble, quake, flicker, vibrate, jolt. swing, shake \"'),
       (2001, '葉', 12, 3, 'yoo', ' plane', '\"leaf', ' lobe'),
       (2002, '陽', 12, 3, 'yoo', ' male', '\"young principle, positive', ' heaven'),
       (2003, '溶', 13, 7, 'yoo', '\"to(keru), to(kasu), to(ku)\"', '\"melt, dissolve, thaw\"',
        '\"melt, dissolve, thaw. liquefy, melt\"'),
       (2004, '腰', 13, 7, 'yoo', ' small of the back', '\"hips, waist, loins, pelvic region', ' haunch'),
       (2005, '様', 14, 3, 'yoo', ' kind, class', '\"way, manner, method', ' (to that) effect \"'),
       (2006, '瘍', 14, 7, 'yoo', '-', '\"boil, carbuncle\"', '-'),
       (2007, '踊', 14, 7, 'yoo', ' leap, skip', '\"dance', ' throb (the heart)'),
       (2008, '窯', 15, 7, 'yoo', 'kama', '\"kiln, oven, furnace, stove\"', '\"kiln, oven, furnace, stove\"'),
       (2009, '養', 15, 4, 'yoo', ' adopt, foster', '\"bring up, rear', ' support'),
       (2010, '擁', 16, 7, 'yoo', ' possess', '\"embrace, hug', ' protect'),
       (2011, '謡', 16, 7, 'yoo', '\"utai, uta(u)\"', 'chant', '\"chanting of the noh'),
       (2012, '曜', 18, 2, 'yoo', ' light', '\"day of the week', ' shining\"'),
       (2013, '抑', 7, 7, 'yoku', ' suppress, subdue, control', '\"stop, check, restrain, pin down', ' catch, arrest'),
       (2014, '沃', 7, 7, 'yoku', ' fertility\"', '\"pour', '-'),
       (2015, '浴', 10, 4, 'yoku', ' bask in \"', '\"bathe, be favored with', '\"a(biru), a(biseru)\"'),
       (2016, '欲', 11, 6, 'yoku', ' greed, passion, desire, craving, appetite \"', '\"covetousness',
        '\"hos(suru), ho(shii)\"'),
       (2017, '翌', 11, 6, 'yoku', '-', '\"next, following\"', '-'),
       (2018, '翼', 17, 7, 'yoku', ' plane', '\"wing', ' flank\"'),
       (2019, '拉', 8, 7, 'ra', '-', 'Latin', '-'),
       (2020, '裸', 13, 7, 'ra', ' uncovered, only partially clothed, undressed', '\"naked body, nude',
        ' without investing'),
       (2021, '羅', 19, 7, 'ra', '-', '\"silk gauze, thin silk\"', '-'),
       (2022, '来', 7, 2, 'rai', ' for (ten days). next (year)\"', '\"come. since (last month)',
        '\"ku(ru), kita(ru), kita(su)\"'),
       (2023, '雷', 13, 7, 'rai', 'kaminari', 'thunder', 'thunder'),
       (2024, '頼', 16, 7, 'rai', ' entrust to, commission', '\"ask, request, entreat, appeal', ' employ, call in'),
       (2025, '絡', 12, 7, 'raku', ' stick to', '\"coil around, get twisted', ' pick a quarrel\"'),
       (2026, '落', 12, 3, 'raku', ' drip', '\"fall, drop, come down, go down', ' collapse, cave in'),
       (2027, '酪', 13, 7, 'raku', '-', '\"whey, broth, fruit juice\"', '-'),
       (2028, '辣', 14, 7, 'ratsu', '-', 'bitter', '-'),
       (2029, '乱', 7, 6, 'ran', '\"mida(reru), mida(su)\"', '\"riot, rebellion, war\"', '\"put in disorder'),
       (2030, '卵', 7, 6, 'ran', 'tamago', 'ovum', '\"egg, spawn, roe'),
       (2031, '覧', 17, 6, 'ran', '-', 'see', '-'),
       (2032, '濫', 18, 7, 'ran', ' spread over\"', '\"overflow', '-'),
       (2033, '藍', 18, 7, 'ran', ' indigo plant\"', '\"indigo (blue)', 'ai'),
       (2034, '欄', 20, 7, 'ran', ' blank', '\"column (in a newspaper)', ' space'),
       (2035, '吏', 6, 7, 'ri', '-', '\"an official\"', '-'),
       (2036, '利', 7, 4, 'ri', ' interest', '\"advantage, benefit, gain', ' victory\"'),
       (2037, '里', 7, 2, 'ri', ' a Japanese league, 2.44 miles\"', '\"village', 'sato'),
       (2038, '理', 11, 2, 'ri', '-', '\"reason, justice, truth, principle\"', '-'),
       (2039, '痢', 12, 7, 'ri', '-', 'diarrhea', '-'),
       (2040, '裏', 13, 6, 'ri', 'ura', 'inside', '\"reverse, wrong side'),
       (2041, '履', 15, 7, 'ri', ' carry through, practice', '\"trample on, stamp on', ' appraise'),
       (2042, '璃', 15, 7, 'ri', '-', '\"lapis lazuli\"', '-'),
       (2043, '離', 19, 7, 'ri', '\"hana(reru), hana(su)\"', 'separation', '\"separate, part from'),
       (2044, '陸', 11, 4, 'riku', '-', 'land', '-'),
       (2045, '立', 5, 1, '\"ritsu, [ryuu]\"', '\"ta(tsu), ta(teru)\"', 'standing', '\"stand, rise'),
       (2046, '律', 9, 6, '\"ritsu, [richi]\"', ' rhythm. Buddhist sect originating in the eighth century \"',
        '\"law, regulation', '-'),
       (2047, '慄', 13, 7, 'ritsu', ' shudder\"', '\"fear', '-'),
       (2048, '略', 11, 5, 'ryaku', ' omission', '\"abbreviation, abridgment', ' outline \"'),
       (2049, '柳', 9, 7, 'ryuu', 'yanagi', 'willow', 'willow'),
       (2050, '流', 10, 3, '\"ryuu, [ru]\"', ' counter for flags\"', '\"current', '\"naga(reru), naga(su)\"'),
       (2051, '留', 10, 5, '\"ryuu, [ru]\"', ' cease, be interrupted, be discontinued',
        '\"stop, halt, stand still, pull up', ' be choked'),
       (2052, '竜', 10, 7, 'ryuu', ' imperial\"', '\"dragon', 'tatsu'),
       (2053, '粒', 11, 7, 'ryuu', 'tsubu', '\"grain, drop\"', '\"grain, drop'),
       (2054, '隆', 11, 7, 'ryuu', '-', '\"high, noble, prosperity\"', '-'),
       (2055, '硫', 12, 7, 'ryuu', '-', 'sulphur', '-'),
       (2056, '侶', 9, 7, 'ryo', '-', '\"companion, follower\"', '-'),
       (2057, '旅', 10, 3, 'ryo', ' go around\"', '\"journey', 'tabi'),
       (2058, '虜', 13, 7, 'ryo', ' barbarian', '\"captive', ' low epithet for the enemy\"'),
       (2059, '慮', 15, 7, 'ryo', '-', '\"thought, concern, agreement\"', '-'),
       (2060, '了', 2, 7, 'ryoo', ' understand\"', '\"finish, complete', '-'),
       (2061, '両', 6, 3, 'ryoo', ' both', '\"old Japanese coin', ' two'),
       (2062, '良', 7, 4, 'ryoo', 'yo(i)', '\"good, fine\"', '\"good, good-natured'),
       (2063, '料', 10, 4, 'ryoo', ' allowance', '\"charge, rate, fee', ' materials'),
       (2064, '涼', 11, 7, 'ryoo', '\"suzu(shii), suzu(mu)\"', 'cool',
        '\"cool oneself, enjoy the evening air. cool, refreshing\"'),
       (2065, '猟', 11, 7, 'ryoo', ' game, take, bag \"', '\"shooting, hunting', '-'),
       (2066, '陵', 11, 7, 'ryoo', 'misasagi', '\"imperial tomb\"', '\"imperial tomb\"'),
       (2067, '量', 12, 4, 'ryoo', ' magnanimity', '\"quantity, amount, volume', ' a measure \"'),
       (2068, '僚', 14, 7, 'ryoo', ' companion\"', '\"official', '-'),
       (2069, '領', 14, 5, 'ryoo', ' suit (of armor) \"', '\"dominion, territory possession, fief', '-'),
       (2070, '寮', 15, 7, 'ryoo', ' villa', '\"hostel, dormitory', ' tea pavilion \"'),
       (2071, '療', 17, 7, 'ryoo', '-', '\"heal, cure\"', '-'),
       (2072, '瞭', 17, 7, 'ryoo', '-', 'clear', '-'),
       (2073, '糧', 18, 7, '\"ryoo, [roo]\"', 'kate', '\"food, provisions, bread\"', '\"food, provisions, bread\"'),
       (2074, '力', 2, 1, '\"ryoku, 	riki\"', ' swagger, bluff, boast. strength. power\"',
        '\"strain, bear up, exert one\'s strength', 'chikara'),
       (2075, '緑', 14, 3, '\"ryoku, [roku]\"', 'midori', '\"green, verdure\"', '\"green, verdure\"'),
       (2076, '林', 8, 1, 'rin', 'hayashi', 'forest', 'forest'),
       (2077, '厘', 9, 7, 'rin', ' one-tenth of a bu\"', '\"one-tenth of a sen', '-'),
       (2078, '倫', 10, 7, 'rin', '-', 'companion', '-'),
       (2079, '輪', 15, 4, 'rin', ' wheel', '\"ring, circle', ' corolla'),
       (2080, '隣', 16, 7, 'rin', '\"tona(ru), tonari\"', 'neighboring', '\"adjoin, nextdoor neighbor, adjoining\"'),
       (2081, '臨', 18, 6, 'rin', ' meet', '\"face, front on, border on', ' be confronted by'),
       (2082, '瑠', 14, 7, 'ru', '-', '\"lapis lazuli\"', '-'),
       (2083, '涙', 10, 7, 'rui', 'namida', '\"tear, sympathy\"', '\"tear, sympathy\"'),
       (2084, '累', 11, 7, 'rui', ' tie up', '\"involvement, trouble', ' pile up'),
       (2085, '塁', 12, 7, 'rui', ' base (in baseball)\"', '\"fort, rampart, walls', '-'),
       (2086, '類', 18, 4, 'rui', ' description', '\"kind, variety, class, genus',
        ' parallel case, an equal. resembling\"'),
       (2087, '令', 5, 4, 'rei', ' ordinance, law, decree\"', '\"order, command', '-'),
       (2088, '礼', 5, 3, '\"rei, 	rai\"', '-',
        '\"salutation, salute, bow, courtesy, propriety, ceremony, thanks, appreciation, remuneration, return present \"',
        '-'),
       (2089, '冷', 7, 4, 'rei', '\"tsume(tai), hi(eru), hi(ya), hi(yasu), hi(yakasu), sa(meru), sa(masu)\"',
        '\"cold, cool \"', '\"cool down, grow cold'),
       (2090, '励', 7, 7, 'rei', '\"hage(mu), hage(masu)\"', '\"be diligent\"', '\"be diligent. encourage, inspire'),
       (2091, '戻', 7, 7, 'rei', ' revert to, resume, return to', '\"return, turn back', ' be returned'),
       (2092, '例', 8, 4, 'rei', ' case, example, parallel, illustration \"', '\"custom, usage, precedent', 'tato(eru)'),
       (2093, '鈴', 13, 7, '\"rei, 	rin\"', 'suzu', '\"bell, hand bell, buzzer\"', 'bell'),
       (2094, '零', 13, 7, 'rei', ' fall\"', '\"zero, nothing, cipher', '-'),
       (2095, '霊', 15, 7, '\"rei, 	ryoo\"', 'tama', '\"soul, spirit\"', '\"soul, spirit\"'),
       (2096, '隷', 16, 7, 'rei', ' criminal', '\"servant', ' prisoner'),
       (2097, '齢', 17, 7, 'rei', '-', 'age', '-'),
       (2098, '麗', 19, 7, 'rei', 'uruwa(shii)', '\"beautiful, bright and clear, fine, serene \"',
        '\"beautiful, lovely, graceful\"'),
       (2099, '暦', 14, 7, 'reki', 'koyomi', '\"calendar, almanac\"', '\"calendar, almanac\"'),
       (2100, '歴', 14, 4, 'reki', ' continuation', '\"history', ' passing (of time)\"'),
       (2101, '列', 6, 3, 'retsu', ' procession', '\"row, rank, tier, file, column, line', ' queue \"'),
       (2102, '劣', 6, 7, 'retsu', 'oto(ru)', '\"be inferior to, be worse than\"', '\"be inferior to, be worse than\"'),
       (2103, '烈', 10, 7, 'retsu', ' tempestuous (temperament)',
        '\"violent, vehement, furious, severe, acute, intense, extreme, passionate, heated, stormy (applause)',
        ' mighty \"'),
       (2104, '裂', 12, 7, 'retsu', '\"sa(ku), sa(keru)\"', '\"split, rend, tear, burst, rip, crack \"',
        '\"split, rend, tear, burst, rip, crack \"'),
       (2105, '恋', 10, 7, 'ren', '\"ko(u), koi, koi(shii)\"', '\"be in love\"',
        '\"be in love. love, tender sentiment. dear, beloved, darling\"'),
       (2106, '連', 10, 4, 'ren', ' set', '\"ream', ' party, company, gang, clique'),
       (2107, '廉', 13, 7, 'ren', ' honesty', '\"purity', ' low price'),
       (2108, '練', 14, 3, 'ren', ' train, drill', '\"gloss, soften', ' polish'),
       (2109, '錬', 16, 7, 'ren', ' drill, train', '\"refine (metals)', ' polish (sentences) \"'),
       (2110, '呂', 7, 7, 'ro', '-', 'backbone', '-'),
       (2111, '炉', 8, 7, 'ro', ' (nuclear) reactor\"', '\"furnace, kiln, hearth', '-'),
       (2112, '賂', 13, 7, 'ro', '-', 'bribe', '-'),
       (2113, '路', 13, 3, 'ro', 'ji', '\"road, route, path\"', '\"route, road'),
       (2114, '露', 21, 7, '\"ro, [roo]\"', ' Russia\"', '\"dew', 'tsuyu'),
       (2115, '老', 6, 4, 'roo', '\"o(iru), fu(keru)\"', '\"aging, old age, old people\"', '\"grow old\"'),
       (2116, '労', 7, 4, 'roo', '-', '\"labor, toil, trouble\"', '-'),
       (2117, '弄', 7, 7, 'roo', 'moteaso(bu)', '\"play with, trifle with\"', '\"play'),
       (2118, '郎', 9, 7, 'roo', ' husband', '\"man', ' counter for sons\"'),
       (2119, '朗', 10, 6, 'roo', ' melodious', '\"clear, bright, serene', ' cheerful, sunny \"'),
       (2120, '浪', 10, 7, 'roo', '-', '\"waves, billows\"', '-'),
       (2121, '廊', 12, 7, 'roo', ' tower', '\"corridor, hall, lobby', ' watchtower\"'),
       (2122, '楼', 13, 7, 'roo', '-', '\"tower, turret, lookout, high building\"', '-'),
       (2123, '漏', 14, 7, 'roo', ' water clock', '\"leaking', ' time\"'),
       (2124, '籠', 22, 7, 'roo', ' requiring (a lot of work)\"', '\"be crowed', '\"kago, ko(moru)\"'),
       (2125, '六', 4, 1, 'roku', '\"mu, mu(tsu), mut(tsu), [mui]\"', 'six', 'six'),
       (2126, '録', 16, 4, 'roku', '-', 'record', '-'),
       (2127, '麓', 19, 7, 'roku', 'fumoto', '\"foot of a mountain\"', '\"foot of a mountain\"'),
       (2128, '論', 15, 6, 'ron', ' discourse\"', '\"argument', '-'),
       (2129, '和', 8, 3, '\"wa, [o]\"', ' peace, harmony, reconciliation, unity \"', '\"sum',
        '\"yawa(ragu), yawa(rageru), nago(mu), nago(yaka)\"'),
       (2130, '話', 13, 2, 'wa', ' tell', '\"talk, speak, converse', ' explain \"'),
       (2131, '賄', 13, 7, 'wai', ' supply', '\"board', ' finance\"'),
       (2132, '脇', 10, 7, '-', ' another place', '\"the other way', ' side, armpit, flank'),
       (2133, '惑', 12, 7, 'waku', ' be tempted', '\"be perplexed, be in doubt, hesitate, vacillate, go astray, err',
        ' be infatuated'),
       (2134, '枠', 8, 7, '-', 'waku', '-', '\"frame, framework'),
       (2135, '湾', 12, 7, 'wan', '-', '\"gulf, bay, inlet\"', '-'),
       (2136, '腕', 12, 7, 'wan', 'ude', 'arm', '\"arm');


insert into japonais_kanji (id, id_japonais, id_kanji)
values (1, 1, 776),
       (2, 2, 1738),
       (4, 4, 1406),
       (5, 4, 1672),
       (6, 5, 1141),
       (7, 6, 1115),
       (8, 7, 303),
       (9, 8, 249),
       (10, 9, 1406),
       (11, 10, 1679),
       (12, 11, 1263),
       (13, 12, 1065),
       (14, 13, 1592),
       (15, 14, 1679),
       (16, 14, 1672),
       (17, 15, 1814),
       (18, 15, 1501),
       (19, 16, 1705),
       (20, 16, 1997),
       (21, 16, 52),
       (22, 17, 1785),
       (23, 18, 1355),
       (24, 18, 1080),
       (25, 20, 1376),
       (26, 20, 226),
       (27, 20, 623),
       (28, 21, 1376),
       (29, 21, 226),
       (30, 21, 623),
       (31, 21, 1114),
       (32, 22, 1314),
       (33, 22, 945),
       (34, 23, 1312),
       (35, 23, 226),
       (36, 24, 1312),
       (37, 24, 226),
       (38, 24, 1107),
       (39, 25, 1483),
       (40, 25, 2130),
       (41, 28, 980),
       (42, 28, 299),
       (43, 29, 186),
       (44, 29, 1786),
       (45, 29, 807),
       (46, 30, 99),
       (47, 30, 1714),
       (48, 32, 1764),
       (49, 32, 2110),
       (50, 33, 559),
       (51, 34, 1499),
       (52, 35, 226),
       (53, 35, 623),
       (54, 36, 226),
       (55, 36, 1107),
       (56, 37, 444),
       (57, 37, 603),
       (58, 38, 1672),
       (59, 39, 578),
       (60, 39, 580),
       (61, 40, 578),
       (62, 40, 1197),
       (63, 45, 1583),
       (64, 45, 1886),
       (65, 46, 1880),
       (66, 47, 1953),
       (67, 48, 1971),
       (68, 48, 1328),
       (69, 49, 1628),
       (70, 50, 1816),
       (71, 50, 410),
       (72, 51, 725),
       (73, 51, 1583),
       (74, 52, 2130),
       (75, 53, 1688),
       (76, 54, 1688),
       (77, 54, 952),
       (78, 55, 1583),
       (79, 55, 2012),
       (80, 56, 117),
       (81, 57, 1437),
       (82, 58, 58),
       (83, 59, 682),
       (84, 60, 131),
       (85, 61, 1009),
       (86, 62, 628),
       (87, 62, 623),
       (88, 63, 628),
       (89, 63, 623),
       (90, 63, 1107),
       (91, 65, 2080),
       (92, 66, 1141),
       (93, 67, 1115),
       (94, 68, 959),
       (95, 69, 514),
       (96, 70, 1728),
       (97, 71, 147),
       (98, 73, 516),
       (99, 75, 4),
       (100, 76, 1726),
       (101, 76, 52),
       (102, 77, 1041),
       (103, 77, 1260),
       (104, 78, 762),
       (105, 79, 662),
       (106, 80, 662),
       (107, 81, 69),
       (108, 82, 897),
       (109, 83, 1221),
       (110, 84, 71),
       (111, 84, 167),
       (112, 86, 946),
       (113, 87, 127),
       (114, 87, 228),
       (115, 88, 1312),
       (116, 91, 1980),
       (117, 92, 898),
       (118, 92, 1904),
       (119, 93, 1787),
       (120, 94, 1556),
       (121, 95, 670),
       (122, 95, 1583),
       (124, 96, 841),
       (125, 96, 1056),
       (126, 97, 740),
       (127, 99, 818),
       (128, 101, 41),
       (129, 101, 513),
       (130, 102, 1577),
       (131, 102, 513),
       (132, 103, 744),
       (133, 103, 513),
       (134, 104, 767),
       (135, 104, 513),
       (136, 105, 576),
       (137, 105, 513),
       (138, 106, 2125),
       (139, 106, 513),
       (140, 107, 829),
       (141, 107, 513),
       (142, 108, 1647),
       (143, 108, 513),
       (144, 109, 359),
       (145, 109, 513),
       (146, 110, 907),
       (147, 110, 513),
       (148, 111, 907),
       (149, 111, 41),
       (150, 111, 513),
       (151, 112, 907),
       (152, 112, 1577),
       (153, 112, 513),
       (154, 113, 1106),
       (155, 113, 513),
       (156, 114, 513),
       (161, 121, 4),
       (162, 123, 2076),
       (163, 124, 513),
       (164, 125, 2030),
       (165, 126, 1),
       (166, 127, 560),
       (167, 128, 1223),
       (168, 128, 1810),
       (169, 129, 3),
       (170, 129, 737),
       (171, 130, 3),
       (172, 130, 737),
       (173, 131, 4),
       (174, 131, 1019),
       (175, 132, 652),
       (176, 132, 1080),
       (177, 134, 4),
       (178, 134, 1243),
       (179, 135, 270),
       (180, 136, 270),
       (181, 136, 1793),
       (182, 137, 1223),
       (183, 137, 863),
       (184, 140, 1107),
       (185, 140, 1257),
       (188, 142, 652),
       (189, 142, 270),
       (190, 143, 5),
       (191, 143, 1898),
       (192, 145, 175),
       (194, 147, 267),
       (195, 148, 1177),
       (196, 149, 1115),
       (197, 149, 1630),
       (198, 150, 1141),
       (199, 150, 807),
       (200, 151, 125),
       (201, 152, 1197),
       (202, 153, 580),
       (203, 154, 1928),
       (204, 154, 580),
       (205, 154, 1583),
       (206, 155, 1886),
       (207, 156, 1886),
       (208, 156, 1331),
       (209, 157, 159),
       (210, 159, 159),
       (211, 160, 1266),
       (212, 160, 760),
       (213, 161, 1925),
       (214, 162, 147),
       (215, 162, 1272),
       (216, 163, 1069),
       (217, 163, 1148),
       (218, 164, 1280),
       (219, 165, 1631),
       (220, 165, 1738),
       (221, 166, 1631),
       (222, 166, 1823),
       (223, 167, 1738),
       (224, 168, 1823),
       (225, 169, 1823),
       (226, 170, 469),
       (227, 171, 1440),
       (228, 172, 780),
       (229, 173, 1896),
       (230, 174, 469),
       (231, 174, 1440),
       (232, 175, 913),
       (233, 175, 469),
       (234, 175, 1440),
       (235, 176, 696),
       (236, 177, 1737),
       (237, 178, 864),
       (238, 178, 1070),
       (239, 179, 760),
       (240, 180, 760),
       (241, 180, 400),
       (242, 181, 116),
       (243, 182, 717),
       (244, 182, 1318),
       (245, 183, 1206),
       (246, 183, 1823),
       (247, 184, 1206),
       (248, 184, 1738),
       (249, 187, 320),
       (250, 189, 603),
       (251, 190, 603),
       (252, 191, 305),
       (253, 191, 1739),
       (254, 192, 305),
       (255, 192, 1739),
       (256, 194, 1483),
       (257, 194, 843),
       (258, 195, 2101),
       (259, 195, 843),
       (260, 196, 843),
       (261, 197, 1014),
       (262, 198, 1469),
       (263, 199, 811),
       (264, 199, 1478),
       (265, 199, 843),
       (266, 200, 1355),
       (267, 200, 131),
       (268, 200, 1469),
       (269, 201, 777),
       (270, 202, 82),
       (271, 204, 452),
       (272, 204, 635),
       (273, 205, 1693),
       (274, 205, 603),
       (275, 205, 337),
       (276, 206, 1817),
       (277, 208, 603),
       (278, 209, 1268),
       (279, 210, 1219),
       (280, 211, 1361),
       (281, 212, 431),
       (282, 213, 98),
       (283, 214, 764),
       (284, 214, 814),
       (285, 215, 1543),
       (286, 217, 818),
       (287, 217, 270),
       (288, 218, 818),
       (289, 220, 31),
       (290, 220, 760),
       (291, 221, 1895),
       (292, 221, 1583),
       (293, 222, 1583),
       (294, 223, 1630),
       (295, 224, 1630),
       (296, 227, 1628),
       (297, 227, 1777),
       (298, 228, 670),
       (299, 228, 898),
       (300, 229, 1029),
       (301, 231, 1854),
       (302, 232, 1928),
       (303, 232, 1583),
       (304, 234, 41),
       (305, 234, 725),
       (306, 234, 1583),
       (307, 235, 513),
       (308, 235, 2012),
       (309, 235, 1583),
       (310, 236, 133),
       (311, 236, 2012),
       (312, 236, 1583),
       (313, 237, 1081),
       (314, 237, 2012),
       (315, 237, 1583),
       (316, 238, 1876),
       (317, 238, 2012),
       (318, 238, 1583),
       (319, 240, 432),
       (320, 240, 2012),
       (321, 240, 1583),
       (322, 241, 1493),
       (323, 241, 2012),
       (324, 241, 1583),
       (325, 244, 1219),
       (326, 248, 1219),
       (327, 250, 670),
       (328, 250, 1679),
       (329, 251, 365),
       (330, 252, 365),
       (331, 255, 1895),
       (332, 255, 1406),
       (333, 256, 1789),
       (334, 256, 1583),
       (335, 259, 416),
       (336, 260, 1570),
       (337, 261, 2089),
       (338, 261, 1258),
       (339, 261, 569),
       (340, 262, 1160),
       (341, 263, 61),
       (342, 265, 1049),
       (343, 265, 651),
       (344, 266, 133),
       (345, 267, 1556),
       (346, 267, 946),
       (347, 268, 1493),
       (348, 268, 750),
       (349, 269, 1314),
       (350, 269, 2135),
       (351, 270, 289),
       (352, 270, 661),
       (353, 272, 104),
       (354, 273, 780),
       (355, 273, 1896),
       (356, 274, 2061),
       (357, 274, 1069),
       (358, 275, 632),
       (359, 275, 1029),
       (360, 281, 1374),
       (361, 283, 1029),
       (362, 286, 157),
       (363, 287, 2041),
       (364, 290, 1766),
       (365, 79, 1029),
       (366, 293, 1373),
       (367, 293, 1029),
       (368, 294, 1175),
       (369, 295, 1867),
       (370, 295, 760),
       (371, 297, 1329),
       (372, 298, 2016),
       (373, 299, 628),
       (374, 300, 1397),
       (375, 301, 12),
       (376, 303, 589),
       (377, 303, 95),
       (378, 304, 41),
       (379, 304, 950),
       (380, 305, 146),
       (381, 306, 891),
       (382, 307, 930),
       (383, 308, 71),
       (384, 308, 167),
       (385, 308, 285),
       (386, 310, 2022),
       (387, 310, 898),
       (388, 311, 2022),
       (389, 311, 513),
       (390, 313, 1170),
       (391, 313, 898),
       (393, 315, 1170),
       (394, 315, 513),
       (395, 316, 1351),
       (396, 317, 694),
       (397, 317, 2022),
       (398, 317, 898),
       (399, 318, 411),
       (400, 320, 2108),
       (401, 320, 897),
       (402, 321, 1063),
       (403, 323, 317),
       (404, 324, 1031),
       (405, 326, 55),
       (406, 329, 723),
       (407, 330, 2063),
       (408, 330, 2038),
       (409, 331, 1065),
       (410, 331, 1787),
       (411, 332, 1680),
       (412, 332, 651);

insert into musique (id, japonais, romaji, francais, anime, chanteur, titre, slug, audio)
values (1,
        '<p>よーい、よーい、</p>\r\n<p>どーんだ YO！</p>\r\n<p>&nbsp;</p>\r\n<p>秀知院学園</p>\r\n<p>周知の事実</p>\r\n<p>みんな憧れの生徒会</p>\r\n<p>（ポクポクポクポクポクポクポ）</p>\r\n<p>&nbsp;</p>\r\n<p>会長とかぐやさん</p>\r\n<p>石上くんと書記のチカ</p>\r\n<p>ゴールデンメンバーと思いませんか？</p>\r\n<p>（書記のチカ、書記のチカ、ラー！）</p>\r\n<p>&nbsp;</p>\r\n<p>乱れた国で生きる私たち</p>\r\n<p>誰もが本音　隠してるけど</p>\r\n<p>どんな問題もラブ探偵チカが</p>\r\n<p>解決するわ</p>\r\n<p>（IQ3 でもまかせなさいー！）</p>\r\n<p>&nbsp;</p>\r\n<p>しゅきしゅき書記書記初期設定（どーん）</p>\r\n<p>うかうかしてたらすぐ卒業（ふぅ）</p>\r\n<p>ちゅきちゅきどきどきフォーチュンテラー</p>\r\n<p>いつだって　誰だって 恋したらヒロイン</p>\r\n<p>&nbsp;</p>\r\n<p>チカラの限り輝くのだ（よっ）</p>\r\n<p>チカっと　チカっと　チカ千花っ</p>\r\n<p>&nbsp;</p>\r\n<p>しゅきしゅきしょきしょき</p>\r\n<p>ちゅきちゅきどきどき</p>\r\n<p>しゅきしゅきしょきしょき</p>\r\n<p>ちゅきちゅきどきどき</p>\r\n<p>森へお帰り</p>',
        '<p>Yooi, yooi,</p>\r\n<p>Doon da Yo!</p>\r\n<p>&nbsp;</p>\r\n<p>Shū chi-in gakuen</p>\r\n<p>Shūchi no jijitsu</p>\r\n<p>Minna akogare no seito kai</p>\r\n<p>(poku poku poku poku poku poku po)</p>\r\n<p>&nbsp;</p>\r\n<p>Kaichou to Kaguya-san</p>\r\n<p>Ishigami-kun to shoki no Chika</p>\r\n<p>Gōruden menbā to omoimasen ka?</p>\r\n<p>(shoki no Chika, shoki no Chika, Raa!)</p>\r\n<p>&nbsp;</p>\r\n<p>Midareta kuni de ikiru watashi tachi</p>\r\n<p>Dare mo ga honne kakushiteru kedo</p>\r\n<p>Donna mondai mo rabu tantei Chika ga</p>\r\n<p>Kaiketsu suru wa</p>\r\n<p>(ai kyu san demo makasenasai!)</p>\r\n<p>&nbsp;</p>\r\n<p>Shuki shuki shoki shoki shoki settei (doon)</p>\r\n<p>Ukauka shitetara sugu sotsugyou (fuu)</p>\r\n<p>Chu ki chu ki dokidoki fouchun teraa</p>\r\n<p>Itsu da tte dare da tte koi shitara hiroin</p>\r\n<p>&nbsp;</p>\r\n<p>Chikara no kagiri kagayaku no da (yo)</p>\r\n<p>Chikatto Chikatto Chika Chika</p>\r\n<p>&nbsp;</p>\r\n<p>Shuki shuki shoki shoki</p>\r\n<p>Chuki chuki dokidoki</p>\r\n<p>Shuki shuki shoki shoki</p>\r\n<p>Chuki chuki dokidoki</p>\r\n<p>Mori e okaeri</p>',
        '<p>&Agrave; vos marques, pr&ecirc;ts,</p>\r\n<p>Partez !</p>\r\n<p>&nbsp;</p>\r\n<p>L\'acad&eacute;mie Sh&ucirc;chiin</p>\r\n<p>Une &eacute;tablissement de grande renomm&eacute;e</p>\r\n<p>Le bureau des &eacute;l&egrave;ves, par tous est adul&eacute;</p>\r\n<p>(Applaudissez-le, applaudissez-le)</p>\r\n<p>&nbsp;</p>\r\n<p>Le pr&eacute;sident, Kaguya-san</p>\r\n<p>Ishigami-kun et Chika la secr&eacute;taire</p>\r\n<p>Vous ne trouvez pas qu\'ils forment une &eacute;quipe d\'enfer ?</p>\r\n<p>(C\'est gr&acirc;ce &agrave; la force de Chika la secr&eacute;taire (x2), raa!)</p>\r\n<p>&nbsp;</p>\r\n<p>Nous vivons dans un pays d&eacute;r&eacute;gl&eacute;</p>\r\n<p>Tout le monde garde ses sentiments cach&eacute;s</p>\r\n<p>Quel que soit le probl&egrave;me</p>\r\n<p>Le d&eacute;tective de l\'amour Chika le r&eacute;soudra</p>\r\n<p>(M&ecirc;me avec 3 de Q.I., elle y arrivera !)</p>\r\n<p>&nbsp;</p>\r\n<p>Je suis la secr&eacute;taire, J\'&eacute;cris en mode automatique</p>\r\n<p>Si je ne fais rien, Le dipl&ocirc;me arrivera vite (vite)</p>\r\n<p>La voyante des coeurs &eacute;pris, une diseuse de bonne aventure</p>\r\n<p>N\'importe qui, n\'importe quand, devient l\'h&eacute;ro&iuml;ne une fois amoureuse</p>\r\n<p>&nbsp;</p>\r\n<p>Et de toutes ses forces elle resplendit,&nbsp;</p>\r\n<p>C\'est aussi le cas de la brillante Chika</p>\r\n<p>&nbsp;</p>\r\n<p>J\'&eacute;cris en mode automatique,&nbsp;</p>\r\n<p>Le coeur &eacute;pris,</p>\r\n<p>J\'&eacute;cris en mode automatique,&nbsp;</p>\r\n<p>Le coeur &eacute;pris,</p>\r\n<p>Retourne dans ta for&ecirc;t ch&eacute;rie</p>',
        'Kaguya-sama: Love is War', 'Konomi Kohara', 'Chikatto Chika Chika', 'konomi-kohara-chikatto-chika-chika',
        'chikatto-chika-chika-mp3'),
       (2,
        '<p>小さな肩を並べて歩いた&nbsp;</p>\r\n<p>何でもない事で笑い合い　同じ夢を見つめていた&nbsp;</p>\r\n<p>耳を澄ませば　今でも聞こえる&nbsp;</p>\r\n<p>君の声　オレンジ色に染まる街の中&nbsp;</p>\r\n<p>&nbsp;</p>\r\n<p>君がいないと本当に退屈だね&nbsp;</p>\r\n<p>寂しいと言えば笑われてしまうけど&nbsp;</p>\r\n<p>残されたもの　何度も確かめるよ&nbsp;</p>\r\n<p>消えることなく輝いている&nbsp;</p>\r\n<p>&nbsp;</p>\r\n<p>雨上がりの空のような　心が晴れるような&nbsp;</p>\r\n<p>君の笑顔を憶えている　思い出して笑顔になる&nbsp;</p>\r\n<p>きっと二人はあの日のまま　無邪気な子供のまま&nbsp;</p>\r\n<p>巡る季節を駆け抜けていく　それぞれの明日を見て&nbsp;</p>\r\n<p>&nbsp;</p>\r\n<p>一人になれば不安になると&nbsp;</p>\r\n<p>眠りたくない夜は　話し続けていた&nbsp;</p>\r\n<p>&nbsp;</p>\r\n<p>君はこれから何を見ていくんだろう&nbsp;</p>\r\n<p>私はここで何を見ていくのだろう&nbsp;</p>\r\n<p>沈む夕焼け　オレンジに染まる街に&nbsp;</p>\r\n<p>そっと涙を預けてみる&nbsp;</p>\r\n<p>&nbsp;</p>\r\n<p>何億もの光の中　生まれた一つの愛&nbsp;</p>\r\n<p>変わらなくても変わってしまっても　君は君だよ　心配無いよ&nbsp;</p>\r\n<p>いつか二人が大人になって　素敵な人に出会って&nbsp;</p>\r\n<p>かけがえのない家族を連れて　この場所で逢えるといいな&nbsp;</p>\r\n<p>&nbsp;</p>\r\n<p>雨上がりの空のような　心が晴れるような&nbsp;</p>\r\n<p>君の笑顔を憶えている　思い出して笑顔になる&nbsp;</p>\r\n<p>何億もの光の中　生まれた一つの愛&nbsp;</p>\r\n<p>巡る季節を駆け抜けていく　それぞれの明日を見て&nbsp;</p>\r\n<p>それぞれの夢を選んで</p>',
        '<p>Chiisana kata wo narabete aruita</p>\r\n<p>Nande mo nai koto de waraiai onaji yume wo mitsumeteita</p>\r\n<p>Mimi wo sumaseba ima demo kikoeru</p>\r\n<p>Kimi no koe ORENJI-iro ni somaru machi no naka</p>\r\n<p>&nbsp;</p>\r\n<p>Kimi ga inai to hontou ni taikutsu da ne</p>\r\n<p>Samishii to ieba warawarete shimau kedo</p>\r\n<p>Nokosareta mono nando mo tashikameru yo</p>\r\n<p>Kieru koto naku kagayaiteiru</p>\r\n<p>&nbsp;</p>\r\n<p>Ameagari no sora no you na kokoro ga hareru you na</p>\r\n<p>Kimi no egao wo oboeteiru omoidashite egao ni naru</p>\r\n<p>Kitto futari wa ano hi no mama mujaki na kodomo no mama</p>\r\n<p>Meguru kisetsu wo kakenukete iku sorezore no ashita wo mite</p>\r\n<p>&nbsp;</p>\r\n<p>Hitori ni nareba fuan ni naru to</p>\r\n<p>Nemuritakunai yoru wa hanashi tsuzuketeita</p>\r\n<p>&nbsp;</p>\r\n<p>Kimi wa kore kara nani wo miteiku\'ndarou</p>\r\n<p>Watashi wa koko de nani wo miteiku no darou</p>\r\n<p>Shizumu yuuyake ORENJI ni somaru machi ni</p>\r\n<p>Sotto namida wo azukete miru</p>\r\n<p>&nbsp;</p>\r\n<p>Nan\'oku mono hikari no naka umareta hitotsu no ai</p>\r\n<p>Kawaranakute mo kawatte shimatte mo kimi wa kimi da yo shinpai nai yo</p>\r\n<p>Itsuka futari ga otona ni natte suteki na hito ni deatte</p>\r\n<p>Kakegae no nai kazoku wo tsurete kono basho de aeru to ii na</p>\r\n<p>&nbsp;</p>\r\n<p>Ameagari no sora no you na kokoro ga hareru you na</p>\r\n<p>Kimi no egao wo oboeteiru omoidashite egao ni naru</p>\r\n<p>Nan\'oku mono hikari no naka umareta hitotsu no ai</p>\r\n<p>Meguru kisetsu wo kakenuketeiku sorezore no ashita wo mite</p>\r\n<p>Sorezore no yume wo erande</p>',
        '<p>Nous marchions, nos fr&ecirc;les &eacute;paules l\'une contre l\'autre</p>\r\n<p>Riant ensemble de choses sans importance. Nous avions nos yeux fix&eacute;s vers les m&ecirc;mes r&ecirc;ves.</p>\r\n<p>Quand je tends l\'oreille, j\'entends toujours</p>\r\n<p>Ta voix, dans la ville baign&eacute;e d\'une lueur orang&eacute;e.</p>\r\n<p>&nbsp;</p>\r\n<p>Quand tu n\'es pas l&agrave;, je m\'ennuie tellement.</p>\r\n<p>Mais quand je dis que je me sens seule, je finis par rire de moi.</p>\r\n<p>Je me contente de compter encore et encore les choses qui restent</p>\r\n<p>Et brillent toujours de mille feux, sans faiblir.</p>\r\n<p>&nbsp;</p>\r\n<p>Comme le ciel qui s\'&eacute;claircit apr&egrave;s la pluie&hellip; Comme mon c&oelig;ur qui s\'apaise&hellip;</p>\r\n<p>Je me souviens de ton sourire. Il reste grav&eacute; dans ma m&eacute;moire et je ne peux pas m\'emp&ecirc;cher de sourire.</p>\r\n<p>Je suis s&ucirc;re que comme ce jour-l&agrave;, nous traverserons les saisons qui d&eacute;filent</p>\r\n<p>Comme des enfants innocents, en apercevant chacun de nos nombreux lendemains.</p>\r\n<p>&nbsp;</p>\r\n<p>D&egrave;s que j\'&eacute;tais seule, je commen&ccedil;ais &agrave; m\'inqui&eacute;ter&hellip;</p>\r\n<p>Les nuits o&ugrave; je ne voulais pas dormir, nous discutions ensemble.</p>\r\n<p>&nbsp;</p>\r\n<p>&Agrave; partir de maintenant, je me demande ce que tu verras</p>\r\n<p>Et ce que je verrai, moi qui suis ici.</p>\r\n<p>J\'essayerai de confier mes larmes</p>\r\n<p>&Agrave; cette ville baign&eacute;e dans la lueur orang&eacute;e du soleil couchant.</p>\r\n<p>&nbsp;</p>\r\n<p>Cet unique amour est n&eacute; au milieu de centaines de millions de rais de lumi&egrave;re.</p>\r\n<p>Que tu ne changes jamais ou que tu finisses par changer&hellip; Tu restes toi-m&ecirc;me, alors je ne m\'inqui&egrave;te pas.</p>\r\n<p>Un jour, nous deviendrons tous les deux adultes et nous rencontrerons des gens merveilleux.</p>\r\n<p>Quand &ccedil;a arrivera, j\'esp&egrave;re que nous pourrons nous revoir ici, avec nos irrempla&ccedil;ables familles&hellip;</p>\r\n<p>&nbsp;</p>\r\n<p>Comme le ciel qui s\'&eacute;claircit apr&egrave;s la pluie&hellip; Comme mon c&oelig;ur qui s\'apaise&hellip;</p>\r\n<p>Je me souviens de ton sourire. Il reste grav&eacute; dans ma m&eacute;moire et je ne peux pas m\'emp&ecirc;cher de sourire.</p>\r\n<p>Cet unique amour est n&eacute; au milieu de centaines de millions de rais de lumi&egrave;re.</p>\r\n<p>Nous courons &agrave; travers les saisons qui d&eacute;filent, voyant chacun de nos nombreux lendemains,</p>\r\n<p>Choisissant chacun de nos nombreux r&ecirc;ves.</p>',
        'Your lie in april', '7!! (Michiru)', 'Orange / オレンジ', '7-michiru-orange', '7-orange-mp3'),
       (3,
        '<p>数十億もの 鼓動の数さえ</p>\r\n<p>あなたには 瞬き程度の些事な等級</p>\r\n<p>過去に囚われて 未来を嘆くも</p>\r\n<p>塵一つ 誤算を許さぬ必然</p>\r\n<p>&nbsp;</p>\r\n<p>『無限』に広がる夢も 描く未来も</p>\r\n<p>僕達に許された 虚栄の権利</p>\r\n<p>『有限』それは二つの 針が示す</p>\r\n<p>残酷な約定と 選択へ Hacking to the Gate―――</p>\r\n<p>&nbsp;</p>\r\n<p>だからいま1秒ごとに世界線を超えて</p>\r\n<p>君のその笑顔 守りたいのさ</p>\r\n<p>そしてまた 悲しみの無い時間のループへと</p>\r\n<p>飲み込まれてゆく 孤独の観測者</p>\r\n<p>&nbsp;</p>\r\n<p>命の主張と 無意味な証明</p>\r\n<p>あなたには退屈しのぎに足らぬ滑稽</p>\r\n<p>支配者きどりの 愚かな種族は</p>\r\n<p>うぬぼれた 稚拙な定理を並べた</p>\r\n<p>&nbsp;</p>\r\n<p>『無限』と信じた愛も 空の彼方も</p>\r\n<p>僕達に示された 仮想の自由</p>\r\n<p>『有限』それは無慈悲に 時を刻み</p>\r\n<p>明日さえも否定する 選択へ Hacking to the Gate―――</p>\r\n<p>&nbsp;</p>\r\n<p>いくつもの 輝ける日々仲間との約束</p>\r\n<p>無かった事には してはいけない</p>\r\n<p>そのために 時を欺く残された仕掛けに</p>\r\n<p>もう迷いはない 孤独の観測者</p>\r\n<p>&nbsp;</p>\r\n<p>だからいま 1秒ごとに世界線を超えて</p>\r\n<p>君のその笑顔 守りたいのさ</p>\r\n<p>そしてまた 悲しみの無い時間のループへと</p>\r\n<p>飲み込まれてゆく 孤独の観測者</p>',
        '<p>Suujuuoku mono kodou no kazu sae</p>\r\n<p>Anata ni wa matataki teido no saji na toukyuu</p>\r\n<p>Kako ni torawarete mirai wo nageku mo</p>\r\n<p>Chiri hitotsu gosan wo yurusanu hitsuzen</p>\r\n<p>&nbsp;</p>\r\n<p>\"Mugen\" ni hirogaru yume mo egaku mirai mo</p>\r\n<p>Bokutachi ni yurusareta kyoei no genri</p>\r\n<p>\"Yuugen\" sore wa futatsu no hari ga shimesu</p>\r\n<p>Zankoku na yakujou to sentaku e Hacking to the Gate―――</p>\r\n<p>&nbsp;</p>\r\n<p>Dakara ima ichibyou goto ni sekaisen wo koete</p>\r\n<p>Kimi no sono egao mamoritai no sa</p>\r\n<p>Soshite mata kanashimi no nai jikan no ruupu e to</p>\r\n<p>Nomikomarete yuku kodoku no kansokusha</p>\r\n<p>&nbsp;</p>\r\n<p>Inochi no shuchou to muimi no shoumei</p>\r\n<p>Anata ni wa taikutsu shinogi ni taranu kokkei</p>\r\n<p>Shihaisha kidori no oroka na shuzoku wa</p>\r\n<p>Unuboreta chisetsu na teiri wo narabeta</p>\r\n<p>&nbsp;</p>\r\n<p>\"Mugen\" to shinjita ai mo sora no kanata mo</p>\r\n<p>Bokutachi ni shimesareta kasou no jiyuu</p>\r\n<p>\"Yuugen\" sore wa mujihi ni toki wo kizami</p>\r\n<p>Asu sae mo hitei suru sentaku e Hacking to the Gate―――</p>\r\n<p>&nbsp;</p>\r\n<p>Ikutsu mono kagayakeru hibi nakama to no yakusoku</p>\r\n<p>Nakatta koto ni wa shite wa ikenai</p>\r\n<p>Sono tame ni toki wo azamuku nokosareta shikake ni</p>\r\n<p>Mou mayoi wa nai kodoku no kansokusha</p>\r\n<p>&nbsp;</p>\r\n<p>Dakara ima ichibyou goto ni sekaisen wo koete</p>\r\n<p>Kimi no sono egao mamoritai no sa</p>\r\n<p>Soshite mata kanashimi no nai jikan no ruupu e to</p>\r\n<p>Nomikomarete yuku kodoku no kansokusha</p>',
        '<p>M&ecirc;me le nombre des milliards de battements de coeur</p>\r\n<p>Est pour toi d\'une ampleur aussi minuscule qu\'un clignement.</p>\r\n<p>Et m&ecirc;me si tu d&eacute;plores le futur emprisonn&eacute; dans le pass&eacute;</p>\r\n<p>L\'in&eacute;luctable ne permet pas la moindre erreur de calcul.</p>\r\n<p>&nbsp;</p>\r\n<p>Les r&ecirc;ves se d&eacute;ployant &agrave; l\'infini et m&ecirc;me le futur s\'y dessinant</p>\r\n<p>Sont les privil&egrave;ges de la vanit&eacute; qui nous sont accord&eacute;s.</p>\r\n<p>Le fini, c\'est ce que d&eacute;signent les deux aiguilles</p>\r\n<p>Pointant vers un pacte et un choix cruel en piratant la porte !</p>\r\n<p>&nbsp;</p>\r\n<p>Alors maintenant passons une ligne d\'univers &agrave; chaque seconde.</p>\r\n<p>Je veux prot&eacute;ger ce sourire qui t\'appartient</p>\r\n<p>Puis revenir encore &agrave; la boucle d\'un temps vide de tristesse.</p>\r\n<p>Je suis un observateur absorb&eacute; par la solitude.</p>',
        'Steins;Gate', 'Kanako Itō', 'Hacking to the gate', 'kanako-it-hacking-to-the-gate',
        'kanako-itou-hacking-to-the-gate-mp3');

insert into recompense_type (id, type)
values (1, 'Theme'),
       (2, 'Icone'),
       (3, 'Background');

insert into recompense (id, libelle, slug, cout, date_parution, id_type)
values (1, 'Noir', 'blacktheme', 200, '2020-10-23', 1),
       (2, 'Evelynn', 'evelynn', 1000, '2020-10-28', 2),
       (5, 'Bois', 'wood', 10000, '2020-11-27', 2),
       (6, 'Bleu', 'bleutheme', 5000, '2021-01-03', 1),
       (7, 'Sakura', 'sakura', 2000, '2021-01-09', 3);

insert into user (id, pseudo, pass, mail, date, droits, nombre, icone, life, last_login, theme, kanji, slug, background)
values (1, 'Raiwtsu', '$2y$10$o33yAWExWKcVtCOPIktXN.RSDhjaedd7OBdSDXo22ab1TpU12PqPC', 'orgevalthomas@gmail.com',
        '2020-10-11', 1, 10, 'evelynn', 2, '2021-05-16', 'blacktheme', 1, 'raiwtsu', 'sakura'),
       (3, 'jco', '$2y$10$tmqnTXTVfMd2zoGWReoA7.G6vcsvzRTSVy4Tmy8pT29ZCFLwe3Q4e', 'orgeval-jean.claude@orange.fr',
        '2020-10-11', 1, 30, 'evelynn', 49, '2021-05-13', 'bleutheme', 0, 'jco', 'sakura'),
       (4, 'RideSliide', '$2y$10$q.HbtdQuX/txMupwgBfVRegN1D7ERZ7coHyFmQWCJqsTheIf9XTWq', 'leoorgeval@gmail.com',
        '2020-10-11', 1, 10, '0', 3, '2020-12-03', '0', 1, 'ridesliide', 0),
       (5, 'League', '$2y$10$jgE1o/82azA5h.55JiyqF.NdrzIguP6Z0opX1G07R68V9QdOOc41y', 'techerofficiel@gmail.com',
        '2020-10-12', 1, 100, 'evelynn', 5, '2021-05-10', '0', 1, 'league', 'sakura'),
       (6, 'Bermilie', '$2y$10$dFp/hrHhci2k46ZiZ8mojuO32KLcdH4ZDHyVgHNyyLxZp6V6SaLNu', 'dce.emilie@gmail.com',
        '2020-10-26', 0, 10, '0', 3, '2020-10-26', '0', 1, 'bermilie', 0),
       (7, 'bapt.ml', '$2y$10$mayqnFLgsmlyc96Ge8dtiuh6zyV.3Xr9X7yywCTZgIL1nYWgznuGC', 'bapt.ml29@gmail.com',
        '2020-11-03', 0, 10, '0', 2, '2020-11-03', '0', 1, 'bapt-ml', 0),
       (8, 'Caro', '$2y$10$gPEskOXudsHT3bczWRnQNOYJUrC7.setuPHJthV.tzCDZXR9EsI3i', 'carolinecadic@hotmail.fr',
        '2020-11-07', 0, 10, '0', 3, '2020-11-07', '0', 1, 'caro', 0),
       (9, 'hakimathor', '$2y$10$lGJ7goMUQoVBvyo0EWPih.Nf7ZGEyePb7GkUqjc38SOkFMXRvaKca', 'hakimrab@hotmail.fr',
        '2020-11-24', 1, 10, '0', 5, '2021-04-14', 'blacktheme', 1, 'hakimathor', 0),
       (10, 'ivandubois', '$2y$10$ivUewgLPE/PA2GZbsOOdpOaQUPjztYvOJcqaH6fYCLKMfYmXoYGea', 'ivantmtcdubois@gmail.com',
        '2020-11-27', 0, 100, 'wood', 5, '2021-01-17', 'blacktheme', 0, 'ivandubois', 0),
       (11, 'Malala', '$2y$10$USixkNsFr8AUV20q9KYbRudb0ldOtotkrSCBB55BIV.mAtuxz.PKK', 'lestratmaela@gmail.com',
        '2020-11-28', 0, 10, '0', 2, '2020-11-28', 'blacktheme', 1, 'malala', 0),
       (12, 'Gurvan', '$2y$10$Ze8mRaRw6OJx5yaCJ7O9Cu/wgM4glBeR92k/mlGtOCqcxDC951f9C', 'b.gurvan@yahoo.fr', '2020-11-28',
        0, 100, '0', 5, '2021-02-08', '0', 1, 'gurvan', 0),
       (13, 'Samrappelle', '$2y$10$YgJBFc2auoc65IfU4fh9OuaMAAxL0trowaS887lJ5vC57k41Je7T6', 'saralms35@gmail.com',
        '2020-12-02', 0, 10, '0', 4, '2020-12-07', '0', 1, 'samrappelle', 0),
       (14, 'Djoo', '$2y$10$SPHmfW.wdX5I7nEy5ubpoOGMHw2eh21jGeYu51ka6sVSpFqMyd2cS', 'jonathan.rehabi59@gmail.com',
        '2020-12-05', 0, 10, '0', 95, '2020-12-05', '0', 1, 'djoo', 0),
       (16, 'typh', '$2y$10$eDuHWHJV8rE37TKP2.9mjujVjwtj0RKsMs147ZlSOOAP6k9cq/83S', 'madetyphaine@hotmail.fr',
        '2020-12-20', 0, 10, '0', 0, '2020-12-29', '0', 1, 'typh', 0),
       (17, 'astaninja', '$2y$10$ppEz1v1lBNqS1bqTrtvgQOi709SYuTzaqWa24dTWPM1ltqtO3GEFK', 'banebps@hotmail.fr',
        '2021-05-11', 0, 10, '0', 5, '2021-05-11', '0', 1, 'astaninja', 0);


insert into achat (id, id_user, id_recompense, date_achat)
values (1, 1, 1, '2020-10-28'),
       (2, 5, 1, '2020-10-28'),
       (3, 1, 2, '2020-10-28'),
       (4, 5, 2, '2020-10-31'),
       (9, 3, 2, '2020-11-07'),
       (11, 3, 1, '2020-11-07'),
       (15, 9, 2, '2020-11-24'),
       (16, 9, 1, '2020-11-24'),
       (17, 10, 2, '2020-11-27'),
       (18, 10, 1, '2020-11-27'),
       (19, 10, 5, '2020-11-27'),
       (20, 11, 1, '2020-11-28'),
       (21, 16, 1, '2020-12-20'),
       (22, 1, 6, '2021-01-03'),
       (23, 10, 6, '2021-01-06'),
       (24, 3, 7, '2021-01-13'),
       (25, 3, 6, '2021-01-13'),
       (26, 1, 7, '2021-01-19'),
       (27, 5, 7, '2021-01-20');

insert into traduction (id, id_word, id_japonais, id_anglais)
values (1, 1, 1, 1),
       (2, 2, 2, 2),
       (6, 4, 4, null),
       (7, 4, null, 4),
       (8, null, 4, 4),
       (9, 5, 5, null),
       (10, 5, null, 5),
       (11, null, 5, 5),
       (14, null, 6, 6),
       (15, 7, 7, null),
       (16, 7, null, 7),
       (17, null, 7, 7),
       (18, 8, 8, null),
       (19, 9, 8, null),
       (20, null, 8, 8),
       (21, 8, null, 8),
       (22, 9, null, 8),
       (23, 10, 9, null),
       (24, 10, null, 9),
       (25, null, 9, 9),
       (26, 11, 10, null),
       (27, 11, null, 10),
       (28, null, 10, 10),
       (29, 12, 11, null),
       (30, 12, null, 11),
       (31, null, 11, 11),
       (32, 13, 12, null),
       (34, null, 12, 12),
       (35, 13, null, 12),
       (37, 15, 13, null),
       (38, null, 13, 13),
       (39, 15, null, 13),
       (40, 16, 14, null),
       (41, null, 14, 14),
       (42, 16, null, 14),
       (43, 17, 15, null),
       (44, null, 15, 15),
       (45, 17, null, 15),
       (46, 18, 16, null),
       (47, null, 16, 16),
       (48, 18, null, 16),
       (49, 19, 17, null),
       (50, null, 17, 17),
       (51, 19, null, 17),
       (52, 20, 18, null),
       (53, 20, null, 18),
       (54, null, 18, 18),
       (55, 21, 19, null),
       (56, null, 19, 19),
       (57, 21, null, 19),
       (58, 22, 19, null),
       (59, 22, null, 19),
       (60, 23, 20, null),
       (61, null, 20, 20),
       (62, 23, null, 20),
       (63, 24, 21, null),
       (64, null, 21, 21),
       (65, 24, null, 21),
       (66, 25, 22, null),
       (67, null, 22, 22),
       (68, 25, null, 22),
       (69, 26, 23, null),
       (70, null, 23, 23),
       (71, 26, null, 23),
       (72, 27, 24, null),
       (73, null, 24, 24),
       (74, 27, null, 24),
       (75, 28, 25, null),
       (76, null, 25, 25),
       (77, 28, null, 25),
       (83, 30, 26, null),
       (86, 31, 27, null),
       (87, null, 27, 28),
       (88, 31, null, 28),
       (89, null, 26, 27),
       (90, 30, null, 27),
       (91, 32, 28, null),
       (92, null, 28, 29),
       (93, 32, null, 29),
       (94, 33, 29, null),
       (95, 34, 29, null),
       (96, null, 29, 30),
       (97, 33, null, 30),
       (98, 34, null, 30),
       (99, 35, 30, null),
       (100, null, 30, 31),
       (101, 35, null, 31),
       (102, 36, 31, null),
       (103, 37, 32, null),
       (104, null, 32, 32),
       (105, 37, null, 32),
       (106, 38, 33, null),
       (107, null, 33, 33),
       (108, 38, null, 33),
       (109, 39, 34, null),
       (110, null, 34, 34),
       (111, 39, null, 34),
       (112, 40, 35, null),
       (113, null, 35, 35),
       (114, 40, null, 35),
       (115, 27, 36, null),
       (116, null, 36, 24),
       (117, 41, 37, null),
       (118, null, 37, 36),
       (119, 41, null, 36),
       (120, 42, 38, null),
       (121, null, 38, 37),
       (122, 42, null, 37),
       (123, 43, 39, null),
       (124, null, 39, 38),
       (125, 43, null, 38),
       (126, 44, 40, null),
       (127, null, 40, 9),
       (128, 44, null, 9),
       (129, 45, 41, null),
       (130, null, 41, 39),
       (131, 45, null, 39),
       (132, 46, 42, null),
       (133, null, 42, 40),
       (134, 46, null, 40),
       (135, 48, 45, null),
       (138, null, 45, 41),
       (139, 48, null, 41),
       (141, 1, 46, null),
       (142, null, 46, 1),
       (143, 11, 47, null),
       (144, null, 47, 10),
       (145, 49, 48, null),
       (146, null, 48, 42),
       (147, 49, null, 42),
       (148, 50, 49, null),
       (149, null, 49, 43),
       (150, 50, null, 43),
       (151, 51, 50, null),
       (152, null, 50, 44),
       (153, 51, null, 44),
       (154, 52, 51, null),
       (155, null, 51, 45),
       (156, 52, null, 45),
       (157, 53, 52, null),
       (158, null, 52, 46),
       (159, 53, null, 46),
       (160, 54, 53, null),
       (161, null, 53, 47),
       (162, 54, null, 47),
       (163, 55, 54, null),
       (164, null, 54, 48),
       (165, 55, null, 48),
       (166, 56, 55, null),
       (167, null, 55, 49),
       (168, 56, null, 49),
       (169, 57, 56, null),
       (170, null, 56, 50),
       (171, 57, null, 50),
       (172, 58, 57, null),
       (173, null, 57, 51),
       (174, 58, null, 51),
       (175, 59, 58, null),
       (176, null, 58, 52),
       (177, 59, null, 52),
       (178, 60, 59, null),
       (179, null, 59, 53),
       (180, 60, null, 53),
       (181, 61, 31, null),
       (182, null, 31, 54),
       (183, 36, null, 54),
       (184, 61, null, 54),
       (185, 62, 60, null),
       (186, 63, 60, null),
       (187, null, 60, 55),
       (188, 62, null, 55),
       (189, 63, null, 55),
       (190, 64, 61, null),
       (191, null, 61, 56),
       (192, 64, null, 56),
       (193, 65, 62, null),
       (194, null, 62, 57),
       (195, 65, null, 57),
       (196, 66, 63, null),
       (197, null, 63, 58),
       (198, 66, null, 58),
       (199, 67, 64, null),
       (200, null, 64, 59),
       (201, null, 64, 60),
       (202, 67, null, 59),
       (203, 67, null, 60),
       (204, 68, 65, null),
       (205, null, 65, 61),
       (206, 68, null, 61),
       (208, null, 66, 5),
       (210, 70, 67, null),
       (211, null, 67, 6),
       (212, 70, null, 6),
       (213, 71, 68, null),
       (214, null, 68, 62),
       (215, 71, null, 62),
       (216, 72, 61, null),
       (218, 72, null, 56),
       (220, 74, 69, null),
       (221, null, 69, 63),
       (222, 74, null, 63),
       (223, 75, 70, null),
       (224, null, 70, 64),
       (225, 75, null, 64),
       (226, 76, 71, null),
       (227, null, 71, 65),
       (228, 76, null, 65),
       (229, 77, 72, null),
       (230, null, 72, 66),
       (231, 78, 73, null),
       (232, null, 73, 67),
       (233, 79, 74, null),
       (234, 80, 75, null),
       (235, 81, 76, null),
       (236, 82, 74, null),
       (237, 83, 77, null),
       (238, null, 77, 68),
       (240, 85, 74, null),
       (241, 86, 78, null),
       (242, 87, 78, null),
       (243, 88, 78, null),
       (244, 89, 79, null),
       (245, null, 79, 69),
       (246, 89, 80, null),
       (247, null, 80, 69),
       (248, 90, 81, null),
       (249, null, 81, 70),
       (250, 91, 82, null),
       (251, null, 82, 71),
       (252, 92, 83, null),
       (253, null, 83, 72),
       (254, 93, 83, null),
       (255, 94, 84, null),
       (256, null, 84, 73),
       (257, 95, 73, null),
       (258, 96, 86, null),
       (259, 97, 86, null),
       (260, 98, 86, null),
       (261, 99, 87, null),
       (262, null, 87, 74),
       (263, 100, 88, null),
       (264, 101, 89, null),
       (265, null, 89, 75),
       (266, 102, 90, null),
       (267, null, 90, 76),
       (268, 103, 91, null),
       (269, null, 91, 77),
       (270, 104, 92, null),
       (271, null, 92, 78),
       (272, 105, 93, null),
       (273, 106, 93, null),
       (274, 107, 94, null),
       (275, null, 94, 79),
       (277, 108, 96, null),
       (278, null, 96, 80),
       (279, 109, 97, null),
       (280, 110, 97, null),
       (281, 111, 98, null),
       (282, null, 98, 81),
       (283, 112, 99, null),
       (284, null, 99, 82),
       (285, 113, 100, null),
       (286, null, 100, 83),
       (287, 114, 95, null),
       (288, 115, 101, null),
       (289, null, 101, 84),
       (290, 116, 102, null),
       (291, null, 102, 85),
       (292, 117, 103, null),
       (293, null, 103, 86),
       (294, 118, 104, null),
       (295, null, 104, 87),
       (296, 119, 105, null),
       (297, null, 105, 88),
       (298, 120, 106, null),
       (299, null, 106, 89),
       (300, 121, 107, null),
       (301, null, 107, 90),
       (302, 122, 108, null),
       (303, null, 108, 91),
       (304, 123, 109, null),
       (305, null, 109, 92),
       (306, 124, 110, null),
       (307, null, 110, 93),
       (308, 125, 111, null),
       (309, null, 111, 94),
       (310, 126, 112, null),
       (311, null, 112, 95),
       (312, 127, 113, null),
       (313, null, 113, 96),
       (314, 128, 114, null),
       (315, null, 114, 97),
       (327, 134, 120, null),
       (328, null, 120, 102),
       (329, 5, 66, null),
       (331, 70, 6, null),
       (332, 135, 121, null),
       (333, null, 121, 103),
       (334, 136, 122, null),
       (335, 137, 123, null),
       (336, null, 123, 104),
       (337, 138, 60, null),
       (338, 139, 38, null),
       (339, 140, 124, null),
       (340, null, 124, 105),
       (341, 141, 125, null),
       (342, null, 125, 106),
       (343, 142, 126, null),
       (344, 143, 126, null),
       (345, 144, 127, null),
       (346, 145, 127, null),
       (347, 146, 127, null),
       (348, 147, 128, null),
       (349, 148, 128, null),
       (350, 149, 129, null),
       (351, 150, 130, null),
       (352, 135, 131, null),
       (353, 151, 131, null),
       (354, null, 131, 103),
       (355, 152, 132, null),
       (356, 153, 132, null),
       (357, 154, 133, null),
       (358, 155, 133, null),
       (359, null, 133, 107),
       (360, 156, 75, null),
       (361, 157, 134, null),
       (362, 158, 135, null),
       (363, 159, 135, null),
       (364, 160, 135, null),
       (365, 161, 136, null),
       (366, 162, 136, null),
       (367, 163, 137, null),
       (368, 164, 137, null),
       (369, 165, 137, null),
       (370, 166, 138, null),
       (371, null, 138, 108),
       (372, 166, 139, null),
       (373, null, 139, 108),
       (374, 167, 140, null),
       (375, 168, 142, null),
       (376, 169, 143, null),
       (377, 170, 143, null),
       (378, 171, 143, null),
       (379, 172, 144, null),
       (380, 173, 145, null),
       (381, 174, 145, null),
       (382, 175, 145, null),
       (383, 176, 147, null),
       (384, 177, 67, null),
       (385, null, 67, 109),
       (387, null, 6, 109),
       (388, 179, 148, null),
       (389, 180, 148, null),
       (390, 181, 149, null),
       (391, 182, 149, null),
       (392, 183, 150, null),
       (393, 184, 150, null),
       (394, 1, 151, null),
       (395, 185, 151, null),
       (396, 186, 152, null),
       (397, 187, 152, null),
       (398, null, 152, 110),
       (399, null, 152, 111),
       (400, 188, 153, null),
       (401, null, 153, 112),
       (402, 189, 154, null),
       (403, 190, 155, null),
       (404, 191, 156, null),
       (405, 192, 157, null),
       (406, 193, 157, null),
       (407, 194, 159, null),
       (408, 195, 160, null),
       (409, null, 160, 113),
       (410, 196, 161, null),
       (411, null, 161, 114),
       (412, 197, 162, null),
       (413, null, 162, 115),
       (414, 198, 163, null),
       (415, 199, 163, null),
       (416, null, 163, 116),
       (417, 200, 164, null),
       (418, 201, 165, null),
       (419, null, 165, 117),
       (420, 202, 166, null),
       (421, null, 166, 118),
       (422, 203, 167, null),
       (423, null, 167, 119),
       (424, 204, 168, null),
       (425, 205, 169, null),
       (426, null, 169, 120),
       (427, null, 168, 121),
       (428, 206, 170, null),
       (429, null, 170, 122),
       (430, 206, 171, null),
       (431, null, 171, 122),
       (432, 207, 172, null),
       (433, null, 172, 123),
       (434, 207, 173, null),
       (435, null, 173, 123),
       (436, 206, 174, null),
       (437, 207, 174, null),
       (438, 208, 174, null),
       (439, null, 174, 124),
       (440, 209, 175, null),
       (441, 210, 175, null),
       (442, null, 175, 125),
       (443, 211, 174, null),
       (444, null, 174, 126),
       (445, 212, 176, null),
       (446, 213, 177, null),
       (447, 213, 178, null),
       (448, 214, 179, null),
       (449, 214, 180, null),
       (450, 212, 181, null),
       (451, 215, 182, null),
       (452, 216, 183, null),
       (453, 217, 184, null),
       (454, 216, 185, null),
       (455, 217, 186, null),
       (456, 218, 187, null),
       (457, 219, 188, null),
       (458, 220, 189, null),
       (459, 221, 190, null),
       (460, 222, 190, null),
       (461, 223, 191, null),
       (462, 224, 192, null),
       (463, 225, 173, null),
       (464, 226, 172, null),
       (465, 227, 193, null),
       (466, null, 193, 127),
       (467, 228, 194, null),
       (468, null, 194, 128),
       (469, 229, 195, null),
       (470, null, 195, 128),
       (471, 230, 196, null),
       (472, null, 196, 129),
       (473, 231, 197, null),
       (474, 232, 197, null),
       (475, null, 197, 130),
       (476, null, 197, 131),
       (477, null, 197, 132),
       (478, 233, 198, null),
       (479, null, 198, 133),
       (480, 234, 199, null),
       (481, 235, 199, null),
       (482, null, 199, 134),
       (483, 236, 200, null),
       (484, null, 200, 135),
       (485, 237, 201, null),
       (486, null, 201, 136),
       (487, 238, 202, null),
       (488, null, 202, 137),
       (489, 239, 203, null),
       (490, null, 203, 138),
       (491, 240, 204, null),
       (492, null, 204, 139),
       (493, 241, 205, null),
       (494, null, 205, 140),
       (495, 242, 206, null),
       (496, null, 206, 141),
       (497, 243, 207, null),
       (498, null, 207, 142),
       (499, 244, 208, null),
       (500, 245, 209, null),
       (501, 246, 210, null),
       (502, 247, 211, null),
       (503, 248, 212, null),
       (504, 249, 213, null),
       (505, null, 213, 143),
       (506, 250, 214, null),
       (507, 251, 215, null),
       (508, 252, 216, null),
       (509, 253, 217, null),
       (510, 254, 217, null),
       (511, 253, 218, null),
       (512, 255, 219, null),
       (513, 256, 220, null),
       (514, 257, 221, null),
       (515, 258, 221, null),
       (516, 259, 222, null),
       (517, 260, 223, null),
       (518, 260, 224, null),
       (519, 261, 225, null),
       (520, 262, 226, null),
       (521, 263, 227, null),
       (522, 264, 227, null),
       (523, null, 227, 144),
       (524, 265, 228, null),
       (525, 266, 229, null),
       (526, 266, 230, null),
       (527, 267, 231, null),
       (528, null, 231, 145),
       (529, 268, 232, null),
       (530, 269, 234, null),
       (531, 270, 235, null),
       (532, 271, 236, null),
       (533, 272, 237, null),
       (534, 273, 238, null),
       (535, 274, 240, null),
       (536, 275, 241, null),
       (537, 276, 243, null),
       (538, 276, 244, null),
       (539, 276, 248, null),
       (540, 277, 250, null),
       (541, 278, 251, null),
       (542, 278, 252, null),
       (543, 279, 255, null),
       (544, 280, 256, null),
       (545, 281, 257, null),
       (546, 282, 258, null),
       (547, 283, 258, null),
       (548, 284, 259, null),
       (549, 285, 260, null),
       (550, 286, 261, null),
       (551, 287, 262, null),
       (552, null, 262, 146),
       (553, 288, 263, null),
       (554, 252, 264, null),
       (555, 289, 265, null),
       (556, 290, 266, null),
       (557, null, 266, 147),
       (558, 291, 267, null),
       (559, 292, 268, null),
       (560, 293, 269, null),
       (561, 294, 270, null),
       (562, 295, 271, null),
       (563, 296, 271, null),
       (564, 297, 271, null),
       (565, 298, 272, null),
       (566, null, 272, 148),
       (567, 299, 273, null),
       (568, null, 273, 149),
       (569, 300, 274, null),
       (570, 301, 275, null),
       (571, null, 275, 150),
       (572, 302, 281, null),
       (573, 303, 281, null),
       (574, null, 281, 151),
       (575, 304, 282, null),
       (576, null, 282, 152),
       (577, null, 226, 153),
       (578, 305, 283, null),
       (579, null, 283, 154),
       (580, 305, 284, null),
       (581, null, 284, 154),
       (582, 306, 285, null),
       (583, null, 285, 155),
       (584, 307, 286, null),
       (585, null, 286, 156),
       (586, 303, 287, null),
       (587, 302, 287, null),
       (588, null, 287, 151),
       (589, 308, 288, null),
       (590, null, 288, 157),
       (591, null, 288, 158),
       (592, 309, 289, null),
       (593, 310, 289, null),
       (594, 311, 289, null),
       (595, 312, 289, null),
       (596, 313, 289, null),
       (597, null, 289, 159),
       (598, 314, 290, null),
       (599, null, 290, 160),
       (600, 315, 293, null),
       (601, null, 293, 161),
       (602, 316, 294, null),
       (603, null, 294, 162),
       (604, 317, 295, null),
       (605, null, 295, 163),
       (606, 303, 296, null),
       (607, 302, 296, null),
       (608, null, 296, 151),
       (609, 318, 297, null),
       (610, 319, 297, null),
       (611, null, 297, 164),
       (612, 320, 298, null),
       (613, null, 298, 165),
       (614, 321, 299, null),
       (615, null, 299, 166),
       (616, 322, 300, null),
       (617, null, 300, 167),
       (618, 323, 301, null),
       (619, 324, 301, null),
       (620, null, 301, 168),
       (621, 325, 302, null),
       (622, null, 302, 169),
       (623, 326, 303, null),
       (624, null, 303, 170),
       (625, null, 228, 171),
       (626, 327, 304, null),
       (627, null, 304, 172),
       (628, 328, 305, null),
       (629, null, 305, 173),
       (630, 329, 306, null),
       (631, null, 306, 174),
       (632, 330, 307, null),
       (633, null, 307, 175),
       (634, 331, 308, null),
       (635, null, 308, 176),
       (636, 222, 309, null),
       (637, 332, 309, null),
       (638, 333, 309, null),
       (639, null, 309, 177),
       (640, 334, 310, null),
       (641, null, 310, 178),
       (642, 335, 311, null),
       (643, null, 311, 179),
       (644, 336, 312, null),
       (645, null, 312, 180),
       (646, 337, 313, null),
       (647, null, 313, 181),
       (650, 338, 315, null),
       (651, null, 315, 182),
       (652, 103, 316, null),
       (653, null, 316, 77),
       (654, 339, 317, null),
       (655, null, 317, 183),
       (656, 340, 318, null),
       (657, null, 318, 184),
       (658, 341, 319, null),
       (659, null, 319, 185),
       (660, 342, 320, null),
       (661, null, 320, 186),
       (662, 343, 321, null),
       (663, null, 321, 187),
       (664, 344, 323, null),
       (665, null, 323, 188),
       (666, 345, 324, null),
       (667, null, 324, 189),
       (668, 346, 326, null),
       (669, null, 326, 190),
       (670, 347, 327, null),
       (671, 348, 327, null),
       (672, null, 327, 191),
       (673, 349, 328, null),
       (674, null, 328, 192),
       (675, 350, 329, null),
       (676, null, 329, 193),
       (677, 25, 330, null),
       (678, 351, 330, null),
       (679, 139, 330, null),
       (680, 352, 331, null),
       (681, null, 331, 194),
       (682, 353, 332, null),
       (683, null, 332, 195);